pdf_page	manual_page	table	chip	pin	signature	alternative	note
75	5-33	DMEM	U1	1	-		"shared block printed as ""U1- U16, U20- U35"" (one pin list for all 32 chips U1-U16 and U20-U35); expanded per chip; printed as one shared block labelled ""U1- U16, U20- U35"" (ranges U1..U16 and U20..U35; expanded to one line per chip, all 32 chips share these signatures)"
75	5-33	DMEM	U1	2	-		"shared block printed as ""U1- U16, U20- U35"" (one pin list for all 32 chips U1-U16 and U20-U35); expanded per chip; printed as one shared block labelled ""U1- U16, U20- U35"" (ranges U1..U16 and U20..U35; expanded to one line per chip, all 32 chips share these signatures)"
75	5-33	DMEM	U1	3	-		"shared block printed as ""U1- U16, U20- U35"" (one pin list for all 32 chips U1-U16 and U20-U35); expanded per chip; printed as one shared block labelled ""U1- U16, U20- U35"" (ranges U1..U16 and U20..U35; expanded to one line per chip, all 32 chips share these signatures)"
75	5-33	DMEM	U1	4	-		"shared block printed as ""U1- U16, U20- U35"" (one pin list for all 32 chips U1-U16 and U20-U35); expanded per chip; printed as one shared block labelled ""U1- U16, U20- U35"" (ranges U1..U16 and U20..U35; expanded to one line per chip, all 32 chips share these signatures)"
75	5-33	DMEM	U1	5	UH56		"shared block printed as ""U1- U16, U20- U35"" (one pin list for all 32 chips U1-U16 and U20-U35); expanded per chip; printed as one shared block labelled ""U1- U16, U20- U35"" (ranges U1..U16 and U20..U35; expanded to one line per chip, all 32 chips share these signatures)"
75	5-33	DMEM	U1	6	P279		"shared block printed as ""U1- U16, U20- U35"" (one pin list for all 32 chips U1-U16 and U20-U35); expanded per chip; printed as one shared block labelled ""U1- U16, U20- U35"" (ranges U1..U16 and U20..U35; expanded to one line per chip, all 32 chips share these signatures)"
75	5-33	DMEM	U1	7	861U		"shared block printed as ""U1- U16, U20- U35"" (one pin list for all 32 chips U1-U16 and U20-U35); expanded per chip; printed as one shared block labelled ""U1- U16, U20- U35"" (ranges U1..U16 and U20..U35; expanded to one line per chip, all 32 chips share these signatures)"
75	5-33	DMEM	U1	8	-		"shared block printed as ""U1- U16, U20- U35"" (one pin list for all 32 chips U1-U16 and U20-U35); expanded per chip; printed as one shared block labelled ""U1- U16, U20- U35"" (ranges U1..U16 and U20..U35; expanded to one line per chip, all 32 chips share these signatures)"
75	5-33	DMEM	U1	9	-		"shared block printed as ""U1- U16, U20- U35"" (one pin list for all 32 chips U1-U16 and U20-U35); expanded per chip; printed as one shared block labelled ""U1- U16, U20- U35"" (ranges U1..U16 and U20..U35; expanded to one line per chip, all 32 chips share these signatures)"
75	5-33	DMEM	U1	10	44U7		"shared block printed as ""U1- U16, U20- U35"" (one pin list for all 32 chips U1-U16 and U20-U35); expanded per chip; printed as one shared block labelled ""U1- U16, U20- U35"" (ranges U1..U16 and U20..U35; expanded to one line per chip, all 32 chips share these signatures)"
75	5-33	DMEM	U1	11	FU8U		"shared block printed as ""U1- U16, U20- U35"" (one pin list for all 32 chips U1-U16 and U20-U35); expanded per chip; printed as one shared block labelled ""U1- U16, U20- U35"" (ranges U1..U16 and U20..U35; expanded to one line per chip, all 32 chips share these signatures)"
75	5-33	DMEM	U1	12	A6F7		"shared block printed as ""U1- U16, U20- U35"" (one pin list for all 32 chips U1-U16 and U20-U35); expanded per chip; printed as one shared block labelled ""U1- U16, U20- U35"" (ranges U1..U16 and U20..U35; expanded to one line per chip, all 32 chips share these signatures)"
75	5-33	DMEM	U1	13	0AU1		"shared block printed as ""U1- U16, U20- U35"" (one pin list for all 32 chips U1-U16 and U20-U35); expanded per chip; printed as one shared block labelled ""U1- U16, U20- U35"" (ranges U1..U16 and U20..U35; expanded to one line per chip, all 32 chips share these signatures)"
75	5-33	DMEM	U1	14	-		"shared block printed as ""U1- U16, U20- U35"" (one pin list for all 32 chips U1-U16 and U20-U35); expanded per chip; printed as one shared block labelled ""U1- U16, U20- U35"" (ranges U1..U16 and U20..U35; expanded to one line per chip, all 32 chips share these signatures)"
75	5-33	DMEM	U1	15	-		"shared block printed as ""U1- U16, U20- U35"" (one pin list for all 32 chips U1-U16 and U20-U35); expanded per chip; printed as one shared block labelled ""U1- U16, U20- U35"" (ranges U1..U16 and U20..U35; expanded to one line per chip, all 32 chips share these signatures)"
75	5-33	DMEM	U1	16	0000		"shared block printed as ""U1- U16, U20- U35"" (one pin list for all 32 chips U1-U16 and U20-U35); expanded per chip; printed as one shared block labelled ""U1- U16, U20- U35"" (ranges U1..U16 and U20..U35; expanded to one line per chip, all 32 chips share these signatures)"
75	5-33	DMEM	U2	1	-		"shared block printed as ""U1- U16, U20- U35"" (one pin list for all 32 chips U1-U16 and U20-U35); expanded per chip; printed as one shared block labelled ""U1- U16, U20- U35"" (ranges U1..U16 and U20..U35; expanded to one line per chip, all 32 chips share these signatures)"
75	5-33	DMEM	U2	2	-		"shared block printed as ""U1- U16, U20- U35"" (one pin list for all 32 chips U1-U16 and U20-U35); expanded per chip; printed as one shared block labelled ""U1- U16, U20- U35"" (ranges U1..U16 and U20..U35; expanded to one line per chip, all 32 chips share these signatures)"
75	5-33	DMEM	U2	3	-		"shared block printed as ""U1- U16, U20- U35"" (one pin list for all 32 chips U1-U16 and U20-U35); expanded per chip; printed as one shared block labelled ""U1- U16, U20- U35"" (ranges U1..U16 and U20..U35; expanded to one line per chip, all 32 chips share these signatures)"
75	5-33	DMEM	U2	4	-		"shared block printed as ""U1- U16, U20- U35"" (one pin list for all 32 chips U1-U16 and U20-U35); expanded per chip; printed as one shared block labelled ""U1- U16, U20- U35"" (ranges U1..U16 and U20..U35; expanded to one line per chip, all 32 chips share these signatures)"
75	5-33	DMEM	U2	5	UH56		"shared block printed as ""U1- U16, U20- U35"" (one pin list for all 32 chips U1-U16 and U20-U35); expanded per chip; printed as one shared block labelled ""U1- U16, U20- U35"" (ranges U1..U16 and U20..U35; expanded to one line per chip, all 32 chips share these signatures)"
75	5-33	DMEM	U2	6	P279		"shared block printed as ""U1- U16, U20- U35"" (one pin list for all 32 chips U1-U16 and U20-U35); expanded per chip; printed as one shared block labelled ""U1- U16, U20- U35"" (ranges U1..U16 and U20..U35; expanded to one line per chip, all 32 chips share these signatures)"
75	5-33	DMEM	U2	7	861U		"shared block printed as ""U1- U16, U20- U35"" (one pin list for all 32 chips U1-U16 and U20-U35); expanded per chip; printed as one shared block labelled ""U1- U16, U20- U35"" (ranges U1..U16 and U20..U35; expanded to one line per chip, all 32 chips share these signatures)"
75	5-33	DMEM	U2	8	-		"shared block printed as ""U1- U16, U20- U35"" (one pin list for all 32 chips U1-U16 and U20-U35); expanded per chip; printed as one shared block labelled ""U1- U16, U20- U35"" (ranges U1..U16 and U20..U35; expanded to one line per chip, all 32 chips share these signatures)"
75	5-33	DMEM	U2	9	-		"shared block printed as ""U1- U16, U20- U35"" (one pin list for all 32 chips U1-U16 and U20-U35); expanded per chip; printed as one shared block labelled ""U1- U16, U20- U35"" (ranges U1..U16 and U20..U35; expanded to one line per chip, all 32 chips share these signatures)"
75	5-33	DMEM	U2	10	44U7		"shared block printed as ""U1- U16, U20- U35"" (one pin list for all 32 chips U1-U16 and U20-U35); expanded per chip; printed as one shared block labelled ""U1- U16, U20- U35"" (ranges U1..U16 and U20..U35; expanded to one line per chip, all 32 chips share these signatures)"
75	5-33	DMEM	U2	11	FU8U		"shared block printed as ""U1- U16, U20- U35"" (one pin list for all 32 chips U1-U16 and U20-U35); expanded per chip; printed as one shared block labelled ""U1- U16, U20- U35"" (ranges U1..U16 and U20..U35; expanded to one line per chip, all 32 chips share these signatures)"
75	5-33	DMEM	U2	12	A6F7		"shared block printed as ""U1- U16, U20- U35"" (one pin list for all 32 chips U1-U16 and U20-U35); expanded per chip; printed as one shared block labelled ""U1- U16, U20- U35"" (ranges U1..U16 and U20..U35; expanded to one line per chip, all 32 chips share these signatures)"
75	5-33	DMEM	U2	13	0AU1		"shared block printed as ""U1- U16, U20- U35"" (one pin list for all 32 chips U1-U16 and U20-U35); expanded per chip; printed as one shared block labelled ""U1- U16, U20- U35"" (ranges U1..U16 and U20..U35; expanded to one line per chip, all 32 chips share these signatures)"
75	5-33	DMEM	U2	14	-		"shared block printed as ""U1- U16, U20- U35"" (one pin list for all 32 chips U1-U16 and U20-U35); expanded per chip; printed as one shared block labelled ""U1- U16, U20- U35"" (ranges U1..U16 and U20..U35; expanded to one line per chip, all 32 chips share these signatures)"
75	5-33	DMEM	U2	15	-		"shared block printed as ""U1- U16, U20- U35"" (one pin list for all 32 chips U1-U16 and U20-U35); expanded per chip; printed as one shared block labelled ""U1- U16, U20- U35"" (ranges U1..U16 and U20..U35; expanded to one line per chip, all 32 chips share these signatures)"
75	5-33	DMEM	U2	16	0000		"shared block printed as ""U1- U16, U20- U35"" (one pin list for all 32 chips U1-U16 and U20-U35); expanded per chip; printed as one shared block labelled ""U1- U16, U20- U35"" (ranges U1..U16 and U20..U35; expanded to one line per chip, all 32 chips share these signatures)"
75	5-33	DMEM	U3	1	-		"shared block printed as ""U1- U16, U20- U35"" (one pin list for all 32 chips U1-U16 and U20-U35); expanded per chip; printed as one shared block labelled ""U1- U16, U20- U35"" (ranges U1..U16 and U20..U35; expanded to one line per chip, all 32 chips share these signatures)"
75	5-33	DMEM	U3	2	-		"shared block printed as ""U1- U16, U20- U35"" (one pin list for all 32 chips U1-U16 and U20-U35); expanded per chip; printed as one shared block labelled ""U1- U16, U20- U35"" (ranges U1..U16 and U20..U35; expanded to one line per chip, all 32 chips share these signatures)"
75	5-33	DMEM	U3	3	-		"shared block printed as ""U1- U16, U20- U35"" (one pin list for all 32 chips U1-U16 and U20-U35); expanded per chip; printed as one shared block labelled ""U1- U16, U20- U35"" (ranges U1..U16 and U20..U35; expanded to one line per chip, all 32 chips share these signatures)"
75	5-33	DMEM	U3	4	-		"shared block printed as ""U1- U16, U20- U35"" (one pin list for all 32 chips U1-U16 and U20-U35); expanded per chip; printed as one shared block labelled ""U1- U16, U20- U35"" (ranges U1..U16 and U20..U35; expanded to one line per chip, all 32 chips share these signatures)"
75	5-33	DMEM	U3	5	UH56		"shared block printed as ""U1- U16, U20- U35"" (one pin list for all 32 chips U1-U16 and U20-U35); expanded per chip; printed as one shared block labelled ""U1- U16, U20- U35"" (ranges U1..U16 and U20..U35; expanded to one line per chip, all 32 chips share these signatures)"
75	5-33	DMEM	U3	6	P279		"shared block printed as ""U1- U16, U20- U35"" (one pin list for all 32 chips U1-U16 and U20-U35); expanded per chip; printed as one shared block labelled ""U1- U16, U20- U35"" (ranges U1..U16 and U20..U35; expanded to one line per chip, all 32 chips share these signatures)"
75	5-33	DMEM	U3	7	861U		"shared block printed as ""U1- U16, U20- U35"" (one pin list for all 32 chips U1-U16 and U20-U35); expanded per chip; printed as one shared block labelled ""U1- U16, U20- U35"" (ranges U1..U16 and U20..U35; expanded to one line per chip, all 32 chips share these signatures)"
75	5-33	DMEM	U3	8	-		"shared block printed as ""U1- U16, U20- U35"" (one pin list for all 32 chips U1-U16 and U20-U35); expanded per chip; printed as one shared block labelled ""U1- U16, U20- U35"" (ranges U1..U16 and U20..U35; expanded to one line per chip, all 32 chips share these signatures)"
75	5-33	DMEM	U3	9	-		"shared block printed as ""U1- U16, U20- U35"" (one pin list for all 32 chips U1-U16 and U20-U35); expanded per chip; printed as one shared block labelled ""U1- U16, U20- U35"" (ranges U1..U16 and U20..U35; expanded to one line per chip, all 32 chips share these signatures)"
75	5-33	DMEM	U3	10	44U7		"shared block printed as ""U1- U16, U20- U35"" (one pin list for all 32 chips U1-U16 and U20-U35); expanded per chip; printed as one shared block labelled ""U1- U16, U20- U35"" (ranges U1..U16 and U20..U35; expanded to one line per chip, all 32 chips share these signatures)"
75	5-33	DMEM	U3	11	FU8U		"shared block printed as ""U1- U16, U20- U35"" (one pin list for all 32 chips U1-U16 and U20-U35); expanded per chip; printed as one shared block labelled ""U1- U16, U20- U35"" (ranges U1..U16 and U20..U35; expanded to one line per chip, all 32 chips share these signatures)"
75	5-33	DMEM	U3	12	A6F7		"shared block printed as ""U1- U16, U20- U35"" (one pin list for all 32 chips U1-U16 and U20-U35); expanded per chip; printed as one shared block labelled ""U1- U16, U20- U35"" (ranges U1..U16 and U20..U35; expanded to one line per chip, all 32 chips share these signatures)"
75	5-33	DMEM	U3	13	0AU1		"shared block printed as ""U1- U16, U20- U35"" (one pin list for all 32 chips U1-U16 and U20-U35); expanded per chip; printed as one shared block labelled ""U1- U16, U20- U35"" (ranges U1..U16 and U20..U35; expanded to one line per chip, all 32 chips share these signatures)"
75	5-33	DMEM	U3	14	-		"shared block printed as ""U1- U16, U20- U35"" (one pin list for all 32 chips U1-U16 and U20-U35); expanded per chip; printed as one shared block labelled ""U1- U16, U20- U35"" (ranges U1..U16 and U20..U35; expanded to one line per chip, all 32 chips share these signatures)"
75	5-33	DMEM	U3	15	-		"shared block printed as ""U1- U16, U20- U35"" (one pin list for all 32 chips U1-U16 and U20-U35); expanded per chip; printed as one shared block labelled ""U1- U16, U20- U35"" (ranges U1..U16 and U20..U35; expanded to one line per chip, all 32 chips share these signatures)"
75	5-33	DMEM	U3	16	0000		"shared block printed as ""U1- U16, U20- U35"" (one pin list for all 32 chips U1-U16 and U20-U35); expanded per chip; printed as one shared block labelled ""U1- U16, U20- U35"" (ranges U1..U16 and U20..U35; expanded to one line per chip, all 32 chips share these signatures)"
75	5-33	DMEM	U4	1	-		"shared block printed as ""U1- U16, U20- U35"" (one pin list for all 32 chips U1-U16 and U20-U35); expanded per chip; printed as one shared block labelled ""U1- U16, U20- U35"" (ranges U1..U16 and U20..U35; expanded to one line per chip, all 32 chips share these signatures)"
75	5-33	DMEM	U4	2	-		"shared block printed as ""U1- U16, U20- U35"" (one pin list for all 32 chips U1-U16 and U20-U35); expanded per chip; printed as one shared block labelled ""U1- U16, U20- U35"" (ranges U1..U16 and U20..U35; expanded to one line per chip, all 32 chips share these signatures)"
75	5-33	DMEM	U4	3	-		"shared block printed as ""U1- U16, U20- U35"" (one pin list for all 32 chips U1-U16 and U20-U35); expanded per chip; printed as one shared block labelled ""U1- U16, U20- U35"" (ranges U1..U16 and U20..U35; expanded to one line per chip, all 32 chips share these signatures)"
75	5-33	DMEM	U4	4	-		"shared block printed as ""U1- U16, U20- U35"" (one pin list for all 32 chips U1-U16 and U20-U35); expanded per chip; printed as one shared block labelled ""U1- U16, U20- U35"" (ranges U1..U16 and U20..U35; expanded to one line per chip, all 32 chips share these signatures)"
75	5-33	DMEM	U4	5	UH56		"shared block printed as ""U1- U16, U20- U35"" (one pin list for all 32 chips U1-U16 and U20-U35); expanded per chip; printed as one shared block labelled ""U1- U16, U20- U35"" (ranges U1..U16 and U20..U35; expanded to one line per chip, all 32 chips share these signatures)"
75	5-33	DMEM	U4	6	P279		"shared block printed as ""U1- U16, U20- U35"" (one pin list for all 32 chips U1-U16 and U20-U35); expanded per chip; printed as one shared block labelled ""U1- U16, U20- U35"" (ranges U1..U16 and U20..U35; expanded to one line per chip, all 32 chips share these signatures)"
75	5-33	DMEM	U4	7	861U		"shared block printed as ""U1- U16, U20- U35"" (one pin list for all 32 chips U1-U16 and U20-U35); expanded per chip; printed as one shared block labelled ""U1- U16, U20- U35"" (ranges U1..U16 and U20..U35; expanded to one line per chip, all 32 chips share these signatures)"
75	5-33	DMEM	U4	8	-		"shared block printed as ""U1- U16, U20- U35"" (one pin list for all 32 chips U1-U16 and U20-U35); expanded per chip; printed as one shared block labelled ""U1- U16, U20- U35"" (ranges U1..U16 and U20..U35; expanded to one line per chip, all 32 chips share these signatures)"
75	5-33	DMEM	U4	9	-		"shared block printed as ""U1- U16, U20- U35"" (one pin list for all 32 chips U1-U16 and U20-U35); expanded per chip; printed as one shared block labelled ""U1- U16, U20- U35"" (ranges U1..U16 and U20..U35; expanded to one line per chip, all 32 chips share these signatures)"
75	5-33	DMEM	U4	10	44U7		"shared block printed as ""U1- U16, U20- U35"" (one pin list for all 32 chips U1-U16 and U20-U35); expanded per chip; printed as one shared block labelled ""U1- U16, U20- U35"" (ranges U1..U16 and U20..U35; expanded to one line per chip, all 32 chips share these signatures)"
75	5-33	DMEM	U4	11	FU8U		"shared block printed as ""U1- U16, U20- U35"" (one pin list for all 32 chips U1-U16 and U20-U35); expanded per chip; printed as one shared block labelled ""U1- U16, U20- U35"" (ranges U1..U16 and U20..U35; expanded to one line per chip, all 32 chips share these signatures)"
75	5-33	DMEM	U4	12	A6F7		"shared block printed as ""U1- U16, U20- U35"" (one pin list for all 32 chips U1-U16 and U20-U35); expanded per chip; printed as one shared block labelled ""U1- U16, U20- U35"" (ranges U1..U16 and U20..U35; expanded to one line per chip, all 32 chips share these signatures)"
75	5-33	DMEM	U4	13	0AU1		"shared block printed as ""U1- U16, U20- U35"" (one pin list for all 32 chips U1-U16 and U20-U35); expanded per chip; printed as one shared block labelled ""U1- U16, U20- U35"" (ranges U1..U16 and U20..U35; expanded to one line per chip, all 32 chips share these signatures)"
75	5-33	DMEM	U4	14	-		"shared block printed as ""U1- U16, U20- U35"" (one pin list for all 32 chips U1-U16 and U20-U35); expanded per chip; printed as one shared block labelled ""U1- U16, U20- U35"" (ranges U1..U16 and U20..U35; expanded to one line per chip, all 32 chips share these signatures)"
75	5-33	DMEM	U4	15	-		"shared block printed as ""U1- U16, U20- U35"" (one pin list for all 32 chips U1-U16 and U20-U35); expanded per chip; printed as one shared block labelled ""U1- U16, U20- U35"" (ranges U1..U16 and U20..U35; expanded to one line per chip, all 32 chips share these signatures)"
75	5-33	DMEM	U4	16	0000		"shared block printed as ""U1- U16, U20- U35"" (one pin list for all 32 chips U1-U16 and U20-U35); expanded per chip; printed as one shared block labelled ""U1- U16, U20- U35"" (ranges U1..U16 and U20..U35; expanded to one line per chip, all 32 chips share these signatures)"
75	5-33	DMEM	U5	1	-		"shared block printed as ""U1- U16, U20- U35"" (one pin list for all 32 chips U1-U16 and U20-U35); expanded per chip; printed as one shared block labelled ""U1- U16, U20- U35"" (ranges U1..U16 and U20..U35; expanded to one line per chip, all 32 chips share these signatures)"
75	5-33	DMEM	U5	2	-		"shared block printed as ""U1- U16, U20- U35"" (one pin list for all 32 chips U1-U16 and U20-U35); expanded per chip; printed as one shared block labelled ""U1- U16, U20- U35"" (ranges U1..U16 and U20..U35; expanded to one line per chip, all 32 chips share these signatures)"
75	5-33	DMEM	U5	3	-		"shared block printed as ""U1- U16, U20- U35"" (one pin list for all 32 chips U1-U16 and U20-U35); expanded per chip; printed as one shared block labelled ""U1- U16, U20- U35"" (ranges U1..U16 and U20..U35; expanded to one line per chip, all 32 chips share these signatures)"
75	5-33	DMEM	U5	4	-		"shared block printed as ""U1- U16, U20- U35"" (one pin list for all 32 chips U1-U16 and U20-U35); expanded per chip; printed as one shared block labelled ""U1- U16, U20- U35"" (ranges U1..U16 and U20..U35; expanded to one line per chip, all 32 chips share these signatures)"
75	5-33	DMEM	U5	5	UH56		"shared block printed as ""U1- U16, U20- U35"" (one pin list for all 32 chips U1-U16 and U20-U35); expanded per chip; printed as one shared block labelled ""U1- U16, U20- U35"" (ranges U1..U16 and U20..U35; expanded to one line per chip, all 32 chips share these signatures)"
75	5-33	DMEM	U5	6	P279		"shared block printed as ""U1- U16, U20- U35"" (one pin list for all 32 chips U1-U16 and U20-U35); expanded per chip; printed as one shared block labelled ""U1- U16, U20- U35"" (ranges U1..U16 and U20..U35; expanded to one line per chip, all 32 chips share these signatures)"
75	5-33	DMEM	U5	7	861U		"shared block printed as ""U1- U16, U20- U35"" (one pin list for all 32 chips U1-U16 and U20-U35); expanded per chip; printed as one shared block labelled ""U1- U16, U20- U35"" (ranges U1..U16 and U20..U35; expanded to one line per chip, all 32 chips share these signatures)"
75	5-33	DMEM	U5	8	-		"shared block printed as ""U1- U16, U20- U35"" (one pin list for all 32 chips U1-U16 and U20-U35); expanded per chip; printed as one shared block labelled ""U1- U16, U20- U35"" (ranges U1..U16 and U20..U35; expanded to one line per chip, all 32 chips share these signatures)"
75	5-33	DMEM	U5	9	-		"shared block printed as ""U1- U16, U20- U35"" (one pin list for all 32 chips U1-U16 and U20-U35); expanded per chip; printed as one shared block labelled ""U1- U16, U20- U35"" (ranges U1..U16 and U20..U35; expanded to one line per chip, all 32 chips share these signatures)"
75	5-33	DMEM	U5	10	44U7		"shared block printed as ""U1- U16, U20- U35"" (one pin list for all 32 chips U1-U16 and U20-U35); expanded per chip; printed as one shared block labelled ""U1- U16, U20- U35"" (ranges U1..U16 and U20..U35; expanded to one line per chip, all 32 chips share these signatures)"
75	5-33	DMEM	U5	11	FU8U		"shared block printed as ""U1- U16, U20- U35"" (one pin list for all 32 chips U1-U16 and U20-U35); expanded per chip; printed as one shared block labelled ""U1- U16, U20- U35"" (ranges U1..U16 and U20..U35; expanded to one line per chip, all 32 chips share these signatures)"
75	5-33	DMEM	U5	12	A6F7		"shared block printed as ""U1- U16, U20- U35"" (one pin list for all 32 chips U1-U16 and U20-U35); expanded per chip; printed as one shared block labelled ""U1- U16, U20- U35"" (ranges U1..U16 and U20..U35; expanded to one line per chip, all 32 chips share these signatures)"
75	5-33	DMEM	U5	13	0AU1		"shared block printed as ""U1- U16, U20- U35"" (one pin list for all 32 chips U1-U16 and U20-U35); expanded per chip; printed as one shared block labelled ""U1- U16, U20- U35"" (ranges U1..U16 and U20..U35; expanded to one line per chip, all 32 chips share these signatures)"
75	5-33	DMEM	U5	14	-		"shared block printed as ""U1- U16, U20- U35"" (one pin list for all 32 chips U1-U16 and U20-U35); expanded per chip; printed as one shared block labelled ""U1- U16, U20- U35"" (ranges U1..U16 and U20..U35; expanded to one line per chip, all 32 chips share these signatures)"
75	5-33	DMEM	U5	15	-		"shared block printed as ""U1- U16, U20- U35"" (one pin list for all 32 chips U1-U16 and U20-U35); expanded per chip; printed as one shared block labelled ""U1- U16, U20- U35"" (ranges U1..U16 and U20..U35; expanded to one line per chip, all 32 chips share these signatures)"
75	5-33	DMEM	U5	16	0000		"shared block printed as ""U1- U16, U20- U35"" (one pin list for all 32 chips U1-U16 and U20-U35); expanded per chip; printed as one shared block labelled ""U1- U16, U20- U35"" (ranges U1..U16 and U20..U35; expanded to one line per chip, all 32 chips share these signatures)"
75	5-33	DMEM	U6	1	-		"shared block printed as ""U1- U16, U20- U35"" (one pin list for all 32 chips U1-U16 and U20-U35); expanded per chip; printed as one shared block labelled ""U1- U16, U20- U35"" (ranges U1..U16 and U20..U35; expanded to one line per chip, all 32 chips share these signatures)"
75	5-33	DMEM	U6	2	-		"shared block printed as ""U1- U16, U20- U35"" (one pin list for all 32 chips U1-U16 and U20-U35); expanded per chip; printed as one shared block labelled ""U1- U16, U20- U35"" (ranges U1..U16 and U20..U35; expanded to one line per chip, all 32 chips share these signatures)"
75	5-33	DMEM	U6	3	-		"shared block printed as ""U1- U16, U20- U35"" (one pin list for all 32 chips U1-U16 and U20-U35); expanded per chip; printed as one shared block labelled ""U1- U16, U20- U35"" (ranges U1..U16 and U20..U35; expanded to one line per chip, all 32 chips share these signatures)"
75	5-33	DMEM	U6	4	-		"shared block printed as ""U1- U16, U20- U35"" (one pin list for all 32 chips U1-U16 and U20-U35); expanded per chip; printed as one shared block labelled ""U1- U16, U20- U35"" (ranges U1..U16 and U20..U35; expanded to one line per chip, all 32 chips share these signatures)"
75	5-33	DMEM	U6	5	UH56		"shared block printed as ""U1- U16, U20- U35"" (one pin list for all 32 chips U1-U16 and U20-U35); expanded per chip; printed as one shared block labelled ""U1- U16, U20- U35"" (ranges U1..U16 and U20..U35; expanded to one line per chip, all 32 chips share these signatures)"
75	5-33	DMEM	U6	6	P279		"shared block printed as ""U1- U16, U20- U35"" (one pin list for all 32 chips U1-U16 and U20-U35); expanded per chip; printed as one shared block labelled ""U1- U16, U20- U35"" (ranges U1..U16 and U20..U35; expanded to one line per chip, all 32 chips share these signatures)"
75	5-33	DMEM	U6	7	861U		"shared block printed as ""U1- U16, U20- U35"" (one pin list for all 32 chips U1-U16 and U20-U35); expanded per chip; printed as one shared block labelled ""U1- U16, U20- U35"" (ranges U1..U16 and U20..U35; expanded to one line per chip, all 32 chips share these signatures)"
75	5-33	DMEM	U6	8	-		"shared block printed as ""U1- U16, U20- U35"" (one pin list for all 32 chips U1-U16 and U20-U35); expanded per chip; printed as one shared block labelled ""U1- U16, U20- U35"" (ranges U1..U16 and U20..U35; expanded to one line per chip, all 32 chips share these signatures)"
75	5-33	DMEM	U6	9	-		"shared block printed as ""U1- U16, U20- U35"" (one pin list for all 32 chips U1-U16 and U20-U35); expanded per chip; printed as one shared block labelled ""U1- U16, U20- U35"" (ranges U1..U16 and U20..U35; expanded to one line per chip, all 32 chips share these signatures)"
75	5-33	DMEM	U6	10	44U7		"shared block printed as ""U1- U16, U20- U35"" (one pin list for all 32 chips U1-U16 and U20-U35); expanded per chip; printed as one shared block labelled ""U1- U16, U20- U35"" (ranges U1..U16 and U20..U35; expanded to one line per chip, all 32 chips share these signatures)"
75	5-33	DMEM	U6	11	FU8U		"shared block printed as ""U1- U16, U20- U35"" (one pin list for all 32 chips U1-U16 and U20-U35); expanded per chip; printed as one shared block labelled ""U1- U16, U20- U35"" (ranges U1..U16 and U20..U35; expanded to one line per chip, all 32 chips share these signatures)"
75	5-33	DMEM	U6	12	A6F7		"shared block printed as ""U1- U16, U20- U35"" (one pin list for all 32 chips U1-U16 and U20-U35); expanded per chip; printed as one shared block labelled ""U1- U16, U20- U35"" (ranges U1..U16 and U20..U35; expanded to one line per chip, all 32 chips share these signatures)"
75	5-33	DMEM	U6	13	0AU1		"shared block printed as ""U1- U16, U20- U35"" (one pin list for all 32 chips U1-U16 and U20-U35); expanded per chip; printed as one shared block labelled ""U1- U16, U20- U35"" (ranges U1..U16 and U20..U35; expanded to one line per chip, all 32 chips share these signatures)"
75	5-33	DMEM	U6	14	-		"shared block printed as ""U1- U16, U20- U35"" (one pin list for all 32 chips U1-U16 and U20-U35); expanded per chip; printed as one shared block labelled ""U1- U16, U20- U35"" (ranges U1..U16 and U20..U35; expanded to one line per chip, all 32 chips share these signatures)"
75	5-33	DMEM	U6	15	-		"shared block printed as ""U1- U16, U20- U35"" (one pin list for all 32 chips U1-U16 and U20-U35); expanded per chip; printed as one shared block labelled ""U1- U16, U20- U35"" (ranges U1..U16 and U20..U35; expanded to one line per chip, all 32 chips share these signatures)"
75	5-33	DMEM	U6	16	0000		"shared block printed as ""U1- U16, U20- U35"" (one pin list for all 32 chips U1-U16 and U20-U35); expanded per chip; printed as one shared block labelled ""U1- U16, U20- U35"" (ranges U1..U16 and U20..U35; expanded to one line per chip, all 32 chips share these signatures)"
75	5-33	DMEM	U7	1	-		"shared block printed as ""U1- U16, U20- U35"" (one pin list for all 32 chips U1-U16 and U20-U35); expanded per chip; printed as one shared block labelled ""U1- U16, U20- U35"" (ranges U1..U16 and U20..U35; expanded to one line per chip, all 32 chips share these signatures)"
75	5-33	DMEM	U7	2	-		"shared block printed as ""U1- U16, U20- U35"" (one pin list for all 32 chips U1-U16 and U20-U35); expanded per chip; printed as one shared block labelled ""U1- U16, U20- U35"" (ranges U1..U16 and U20..U35; expanded to one line per chip, all 32 chips share these signatures)"
75	5-33	DMEM	U7	3	-		"shared block printed as ""U1- U16, U20- U35"" (one pin list for all 32 chips U1-U16 and U20-U35); expanded per chip; printed as one shared block labelled ""U1- U16, U20- U35"" (ranges U1..U16 and U20..U35; expanded to one line per chip, all 32 chips share these signatures)"
75	5-33	DMEM	U7	4	-		"shared block printed as ""U1- U16, U20- U35"" (one pin list for all 32 chips U1-U16 and U20-U35); expanded per chip; printed as one shared block labelled ""U1- U16, U20- U35"" (ranges U1..U16 and U20..U35; expanded to one line per chip, all 32 chips share these signatures)"
75	5-33	DMEM	U7	5	UH56		"shared block printed as ""U1- U16, U20- U35"" (one pin list for all 32 chips U1-U16 and U20-U35); expanded per chip; printed as one shared block labelled ""U1- U16, U20- U35"" (ranges U1..U16 and U20..U35; expanded to one line per chip, all 32 chips share these signatures)"
75	5-33	DMEM	U7	6	P279		"shared block printed as ""U1- U16, U20- U35"" (one pin list for all 32 chips U1-U16 and U20-U35); expanded per chip; printed as one shared block labelled ""U1- U16, U20- U35"" (ranges U1..U16 and U20..U35; expanded to one line per chip, all 32 chips share these signatures)"
75	5-33	DMEM	U7	7	861U		"shared block printed as ""U1- U16, U20- U35"" (one pin list for all 32 chips U1-U16 and U20-U35); expanded per chip; printed as one shared block labelled ""U1- U16, U20- U35"" (ranges U1..U16 and U20..U35; expanded to one line per chip, all 32 chips share these signatures)"
75	5-33	DMEM	U7	8	-		"shared block printed as ""U1- U16, U20- U35"" (one pin list for all 32 chips U1-U16 and U20-U35); expanded per chip; printed as one shared block labelled ""U1- U16, U20- U35"" (ranges U1..U16 and U20..U35; expanded to one line per chip, all 32 chips share these signatures)"
75	5-33	DMEM	U7	9	-		"shared block printed as ""U1- U16, U20- U35"" (one pin list for all 32 chips U1-U16 and U20-U35); expanded per chip; printed as one shared block labelled ""U1- U16, U20- U35"" (ranges U1..U16 and U20..U35; expanded to one line per chip, all 32 chips share these signatures)"
75	5-33	DMEM	U7	10	44U7		"shared block printed as ""U1- U16, U20- U35"" (one pin list for all 32 chips U1-U16 and U20-U35); expanded per chip; printed as one shared block labelled ""U1- U16, U20- U35"" (ranges U1..U16 and U20..U35; expanded to one line per chip, all 32 chips share these signatures)"
75	5-33	DMEM	U7	11	FU8U		"shared block printed as ""U1- U16, U20- U35"" (one pin list for all 32 chips U1-U16 and U20-U35); expanded per chip; printed as one shared block labelled ""U1- U16, U20- U35"" (ranges U1..U16 and U20..U35; expanded to one line per chip, all 32 chips share these signatures)"
75	5-33	DMEM	U7	12	A6F7		"shared block printed as ""U1- U16, U20- U35"" (one pin list for all 32 chips U1-U16 and U20-U35); expanded per chip; printed as one shared block labelled ""U1- U16, U20- U35"" (ranges U1..U16 and U20..U35; expanded to one line per chip, all 32 chips share these signatures)"
75	5-33	DMEM	U7	13	0AU1		"shared block printed as ""U1- U16, U20- U35"" (one pin list for all 32 chips U1-U16 and U20-U35); expanded per chip; printed as one shared block labelled ""U1- U16, U20- U35"" (ranges U1..U16 and U20..U35; expanded to one line per chip, all 32 chips share these signatures)"
75	5-33	DMEM	U7	14	-		"shared block printed as ""U1- U16, U20- U35"" (one pin list for all 32 chips U1-U16 and U20-U35); expanded per chip; printed as one shared block labelled ""U1- U16, U20- U35"" (ranges U1..U16 and U20..U35; expanded to one line per chip, all 32 chips share these signatures)"
75	5-33	DMEM	U7	15	-		"shared block printed as ""U1- U16, U20- U35"" (one pin list for all 32 chips U1-U16 and U20-U35); expanded per chip; printed as one shared block labelled ""U1- U16, U20- U35"" (ranges U1..U16 and U20..U35; expanded to one line per chip, all 32 chips share these signatures)"
75	5-33	DMEM	U7	16	0000		"shared block printed as ""U1- U16, U20- U35"" (one pin list for all 32 chips U1-U16 and U20-U35); expanded per chip; printed as one shared block labelled ""U1- U16, U20- U35"" (ranges U1..U16 and U20..U35; expanded to one line per chip, all 32 chips share these signatures)"
75	5-33	DMEM	U8	1	-		"shared block printed as ""U1- U16, U20- U35"" (one pin list for all 32 chips U1-U16 and U20-U35); expanded per chip; printed as one shared block labelled ""U1- U16, U20- U35"" (ranges U1..U16 and U20..U35; expanded to one line per chip, all 32 chips share these signatures)"
75	5-33	DMEM	U8	2	-		"shared block printed as ""U1- U16, U20- U35"" (one pin list for all 32 chips U1-U16 and U20-U35); expanded per chip; printed as one shared block labelled ""U1- U16, U20- U35"" (ranges U1..U16 and U20..U35; expanded to one line per chip, all 32 chips share these signatures)"
75	5-33	DMEM	U8	3	-		"shared block printed as ""U1- U16, U20- U35"" (one pin list for all 32 chips U1-U16 and U20-U35); expanded per chip; printed as one shared block labelled ""U1- U16, U20- U35"" (ranges U1..U16 and U20..U35; expanded to one line per chip, all 32 chips share these signatures)"
75	5-33	DMEM	U8	4	-		"shared block printed as ""U1- U16, U20- U35"" (one pin list for all 32 chips U1-U16 and U20-U35); expanded per chip; printed as one shared block labelled ""U1- U16, U20- U35"" (ranges U1..U16 and U20..U35; expanded to one line per chip, all 32 chips share these signatures)"
75	5-33	DMEM	U8	5	UH56		"shared block printed as ""U1- U16, U20- U35"" (one pin list for all 32 chips U1-U16 and U20-U35); expanded per chip; printed as one shared block labelled ""U1- U16, U20- U35"" (ranges U1..U16 and U20..U35; expanded to one line per chip, all 32 chips share these signatures)"
75	5-33	DMEM	U8	6	P279		"shared block printed as ""U1- U16, U20- U35"" (one pin list for all 32 chips U1-U16 and U20-U35); expanded per chip; printed as one shared block labelled ""U1- U16, U20- U35"" (ranges U1..U16 and U20..U35; expanded to one line per chip, all 32 chips share these signatures)"
75	5-33	DMEM	U8	7	861U		"shared block printed as ""U1- U16, U20- U35"" (one pin list for all 32 chips U1-U16 and U20-U35); expanded per chip; printed as one shared block labelled ""U1- U16, U20- U35"" (ranges U1..U16 and U20..U35; expanded to one line per chip, all 32 chips share these signatures)"
75	5-33	DMEM	U8	8	-		"shared block printed as ""U1- U16, U20- U35"" (one pin list for all 32 chips U1-U16 and U20-U35); expanded per chip; printed as one shared block labelled ""U1- U16, U20- U35"" (ranges U1..U16 and U20..U35; expanded to one line per chip, all 32 chips share these signatures)"
75	5-33	DMEM	U8	9	-		"shared block printed as ""U1- U16, U20- U35"" (one pin list for all 32 chips U1-U16 and U20-U35); expanded per chip; printed as one shared block labelled ""U1- U16, U20- U35"" (ranges U1..U16 and U20..U35; expanded to one line per chip, all 32 chips share these signatures)"
75	5-33	DMEM	U8	10	44U7		"shared block printed as ""U1- U16, U20- U35"" (one pin list for all 32 chips U1-U16 and U20-U35); expanded per chip; printed as one shared block labelled ""U1- U16, U20- U35"" (ranges U1..U16 and U20..U35; expanded to one line per chip, all 32 chips share these signatures)"
75	5-33	DMEM	U8	11	FU8U		"shared block printed as ""U1- U16, U20- U35"" (one pin list for all 32 chips U1-U16 and U20-U35); expanded per chip; printed as one shared block labelled ""U1- U16, U20- U35"" (ranges U1..U16 and U20..U35; expanded to one line per chip, all 32 chips share these signatures)"
75	5-33	DMEM	U8	12	A6F7		"shared block printed as ""U1- U16, U20- U35"" (one pin list for all 32 chips U1-U16 and U20-U35); expanded per chip; printed as one shared block labelled ""U1- U16, U20- U35"" (ranges U1..U16 and U20..U35; expanded to one line per chip, all 32 chips share these signatures)"
75	5-33	DMEM	U8	13	0AU1		"shared block printed as ""U1- U16, U20- U35"" (one pin list for all 32 chips U1-U16 and U20-U35); expanded per chip; printed as one shared block labelled ""U1- U16, U20- U35"" (ranges U1..U16 and U20..U35; expanded to one line per chip, all 32 chips share these signatures)"
75	5-33	DMEM	U8	14	-		"shared block printed as ""U1- U16, U20- U35"" (one pin list for all 32 chips U1-U16 and U20-U35); expanded per chip; printed as one shared block labelled ""U1- U16, U20- U35"" (ranges U1..U16 and U20..U35; expanded to one line per chip, all 32 chips share these signatures)"
75	5-33	DMEM	U8	15	-		"shared block printed as ""U1- U16, U20- U35"" (one pin list for all 32 chips U1-U16 and U20-U35); expanded per chip; printed as one shared block labelled ""U1- U16, U20- U35"" (ranges U1..U16 and U20..U35; expanded to one line per chip, all 32 chips share these signatures)"
75	5-33	DMEM	U8	16	0000		"shared block printed as ""U1- U16, U20- U35"" (one pin list for all 32 chips U1-U16 and U20-U35); expanded per chip; printed as one shared block labelled ""U1- U16, U20- U35"" (ranges U1..U16 and U20..U35; expanded to one line per chip, all 32 chips share these signatures)"
75	5-33	DMEM	U9	1	-		"shared block printed as ""U1- U16, U20- U35"" (one pin list for all 32 chips U1-U16 and U20-U35); expanded per chip; printed as one shared block labelled ""U1- U16, U20- U35"" (ranges U1..U16 and U20..U35; expanded to one line per chip, all 32 chips share these signatures)"
75	5-33	DMEM	U9	2	-		"shared block printed as ""U1- U16, U20- U35"" (one pin list for all 32 chips U1-U16 and U20-U35); expanded per chip; printed as one shared block labelled ""U1- U16, U20- U35"" (ranges U1..U16 and U20..U35; expanded to one line per chip, all 32 chips share these signatures)"
75	5-33	DMEM	U9	3	-		"shared block printed as ""U1- U16, U20- U35"" (one pin list for all 32 chips U1-U16 and U20-U35); expanded per chip; printed as one shared block labelled ""U1- U16, U20- U35"" (ranges U1..U16 and U20..U35; expanded to one line per chip, all 32 chips share these signatures)"
75	5-33	DMEM	U9	4	-		"shared block printed as ""U1- U16, U20- U35"" (one pin list for all 32 chips U1-U16 and U20-U35); expanded per chip; printed as one shared block labelled ""U1- U16, U20- U35"" (ranges U1..U16 and U20..U35; expanded to one line per chip, all 32 chips share these signatures)"
75	5-33	DMEM	U9	5	UH56		"shared block printed as ""U1- U16, U20- U35"" (one pin list for all 32 chips U1-U16 and U20-U35); expanded per chip; printed as one shared block labelled ""U1- U16, U20- U35"" (ranges U1..U16 and U20..U35; expanded to one line per chip, all 32 chips share these signatures)"
75	5-33	DMEM	U9	6	P279		"shared block printed as ""U1- U16, U20- U35"" (one pin list for all 32 chips U1-U16 and U20-U35); expanded per chip; printed as one shared block labelled ""U1- U16, U20- U35"" (ranges U1..U16 and U20..U35; expanded to one line per chip, all 32 chips share these signatures)"
75	5-33	DMEM	U9	7	861U		"shared block printed as ""U1- U16, U20- U35"" (one pin list for all 32 chips U1-U16 and U20-U35); expanded per chip; printed as one shared block labelled ""U1- U16, U20- U35"" (ranges U1..U16 and U20..U35; expanded to one line per chip, all 32 chips share these signatures)"
75	5-33	DMEM	U9	8	-		"shared block printed as ""U1- U16, U20- U35"" (one pin list for all 32 chips U1-U16 and U20-U35); expanded per chip; printed as one shared block labelled ""U1- U16, U20- U35"" (ranges U1..U16 and U20..U35; expanded to one line per chip, all 32 chips share these signatures)"
75	5-33	DMEM	U9	9	-		"shared block printed as ""U1- U16, U20- U35"" (one pin list for all 32 chips U1-U16 and U20-U35); expanded per chip; printed as one shared block labelled ""U1- U16, U20- U35"" (ranges U1..U16 and U20..U35; expanded to one line per chip, all 32 chips share these signatures)"
75	5-33	DMEM	U9	10	44U7		"shared block printed as ""U1- U16, U20- U35"" (one pin list for all 32 chips U1-U16 and U20-U35); expanded per chip; printed as one shared block labelled ""U1- U16, U20- U35"" (ranges U1..U16 and U20..U35; expanded to one line per chip, all 32 chips share these signatures)"
75	5-33	DMEM	U9	11	FU8U		"shared block printed as ""U1- U16, U20- U35"" (one pin list for all 32 chips U1-U16 and U20-U35); expanded per chip; printed as one shared block labelled ""U1- U16, U20- U35"" (ranges U1..U16 and U20..U35; expanded to one line per chip, all 32 chips share these signatures)"
75	5-33	DMEM	U9	12	A6F7		"shared block printed as ""U1- U16, U20- U35"" (one pin list for all 32 chips U1-U16 and U20-U35); expanded per chip; printed as one shared block labelled ""U1- U16, U20- U35"" (ranges U1..U16 and U20..U35; expanded to one line per chip, all 32 chips share these signatures)"
75	5-33	DMEM	U9	13	0AU1		"shared block printed as ""U1- U16, U20- U35"" (one pin list for all 32 chips U1-U16 and U20-U35); expanded per chip; printed as one shared block labelled ""U1- U16, U20- U35"" (ranges U1..U16 and U20..U35; expanded to one line per chip, all 32 chips share these signatures)"
75	5-33	DMEM	U9	14	-		"shared block printed as ""U1- U16, U20- U35"" (one pin list for all 32 chips U1-U16 and U20-U35); expanded per chip; printed as one shared block labelled ""U1- U16, U20- U35"" (ranges U1..U16 and U20..U35; expanded to one line per chip, all 32 chips share these signatures)"
75	5-33	DMEM	U9	15	-		"shared block printed as ""U1- U16, U20- U35"" (one pin list for all 32 chips U1-U16 and U20-U35); expanded per chip; printed as one shared block labelled ""U1- U16, U20- U35"" (ranges U1..U16 and U20..U35; expanded to one line per chip, all 32 chips share these signatures)"
75	5-33	DMEM	U9	16	0000		"shared block printed as ""U1- U16, U20- U35"" (one pin list for all 32 chips U1-U16 and U20-U35); expanded per chip; printed as one shared block labelled ""U1- U16, U20- U35"" (ranges U1..U16 and U20..U35; expanded to one line per chip, all 32 chips share these signatures)"
75	5-33	DMEM	U10	1	-		"shared block printed as ""U1- U16, U20- U35"" (one pin list for all 32 chips U1-U16 and U20-U35); expanded per chip; printed as one shared block labelled ""U1- U16, U20- U35"" (ranges U1..U16 and U20..U35; expanded to one line per chip, all 32 chips share these signatures)"
75	5-33	DMEM	U10	2	-		"shared block printed as ""U1- U16, U20- U35"" (one pin list for all 32 chips U1-U16 and U20-U35); expanded per chip; printed as one shared block labelled ""U1- U16, U20- U35"" (ranges U1..U16 and U20..U35; expanded to one line per chip, all 32 chips share these signatures)"
75	5-33	DMEM	U10	3	-		"shared block printed as ""U1- U16, U20- U35"" (one pin list for all 32 chips U1-U16 and U20-U35); expanded per chip; printed as one shared block labelled ""U1- U16, U20- U35"" (ranges U1..U16 and U20..U35; expanded to one line per chip, all 32 chips share these signatures)"
75	5-33	DMEM	U10	4	-		"shared block printed as ""U1- U16, U20- U35"" (one pin list for all 32 chips U1-U16 and U20-U35); expanded per chip; printed as one shared block labelled ""U1- U16, U20- U35"" (ranges U1..U16 and U20..U35; expanded to one line per chip, all 32 chips share these signatures)"
75	5-33	DMEM	U10	5	UH56		"shared block printed as ""U1- U16, U20- U35"" (one pin list for all 32 chips U1-U16 and U20-U35); expanded per chip; printed as one shared block labelled ""U1- U16, U20- U35"" (ranges U1..U16 and U20..U35; expanded to one line per chip, all 32 chips share these signatures)"
75	5-33	DMEM	U10	6	P279		"shared block printed as ""U1- U16, U20- U35"" (one pin list for all 32 chips U1-U16 and U20-U35); expanded per chip; printed as one shared block labelled ""U1- U16, U20- U35"" (ranges U1..U16 and U20..U35; expanded to one line per chip, all 32 chips share these signatures)"
75	5-33	DMEM	U10	7	861U		"shared block printed as ""U1- U16, U20- U35"" (one pin list for all 32 chips U1-U16 and U20-U35); expanded per chip; printed as one shared block labelled ""U1- U16, U20- U35"" (ranges U1..U16 and U20..U35; expanded to one line per chip, all 32 chips share these signatures)"
75	5-33	DMEM	U10	8	-		"shared block printed as ""U1- U16, U20- U35"" (one pin list for all 32 chips U1-U16 and U20-U35); expanded per chip; printed as one shared block labelled ""U1- U16, U20- U35"" (ranges U1..U16 and U20..U35; expanded to one line per chip, all 32 chips share these signatures)"
75	5-33	DMEM	U10	9	-		"shared block printed as ""U1- U16, U20- U35"" (one pin list for all 32 chips U1-U16 and U20-U35); expanded per chip; printed as one shared block labelled ""U1- U16, U20- U35"" (ranges U1..U16 and U20..U35; expanded to one line per chip, all 32 chips share these signatures)"
75	5-33	DMEM	U10	10	44U7		"shared block printed as ""U1- U16, U20- U35"" (one pin list for all 32 chips U1-U16 and U20-U35); expanded per chip; printed as one shared block labelled ""U1- U16, U20- U35"" (ranges U1..U16 and U20..U35; expanded to one line per chip, all 32 chips share these signatures)"
75	5-33	DMEM	U10	11	FU8U		"shared block printed as ""U1- U16, U20- U35"" (one pin list for all 32 chips U1-U16 and U20-U35); expanded per chip; printed as one shared block labelled ""U1- U16, U20- U35"" (ranges U1..U16 and U20..U35; expanded to one line per chip, all 32 chips share these signatures)"
75	5-33	DMEM	U10	12	A6F7		"shared block printed as ""U1- U16, U20- U35"" (one pin list for all 32 chips U1-U16 and U20-U35); expanded per chip; printed as one shared block labelled ""U1- U16, U20- U35"" (ranges U1..U16 and U20..U35; expanded to one line per chip, all 32 chips share these signatures)"
75	5-33	DMEM	U10	13	0AU1		"shared block printed as ""U1- U16, U20- U35"" (one pin list for all 32 chips U1-U16 and U20-U35); expanded per chip; printed as one shared block labelled ""U1- U16, U20- U35"" (ranges U1..U16 and U20..U35; expanded to one line per chip, all 32 chips share these signatures)"
75	5-33	DMEM	U10	14	-		"shared block printed as ""U1- U16, U20- U35"" (one pin list for all 32 chips U1-U16 and U20-U35); expanded per chip; printed as one shared block labelled ""U1- U16, U20- U35"" (ranges U1..U16 and U20..U35; expanded to one line per chip, all 32 chips share these signatures)"
75	5-33	DMEM	U10	15	-		"shared block printed as ""U1- U16, U20- U35"" (one pin list for all 32 chips U1-U16 and U20-U35); expanded per chip; printed as one shared block labelled ""U1- U16, U20- U35"" (ranges U1..U16 and U20..U35; expanded to one line per chip, all 32 chips share these signatures)"
75	5-33	DMEM	U10	16	0000		"shared block printed as ""U1- U16, U20- U35"" (one pin list for all 32 chips U1-U16 and U20-U35); expanded per chip; printed as one shared block labelled ""U1- U16, U20- U35"" (ranges U1..U16 and U20..U35; expanded to one line per chip, all 32 chips share these signatures)"
75	5-33	DMEM	U11	1	-		"shared block printed as ""U1- U16, U20- U35"" (one pin list for all 32 chips U1-U16 and U20-U35); expanded per chip; printed as one shared block labelled ""U1- U16, U20- U35"" (ranges U1..U16 and U20..U35; expanded to one line per chip, all 32 chips share these signatures)"
75	5-33	DMEM	U11	2	-		"shared block printed as ""U1- U16, U20- U35"" (one pin list for all 32 chips U1-U16 and U20-U35); expanded per chip; printed as one shared block labelled ""U1- U16, U20- U35"" (ranges U1..U16 and U20..U35; expanded to one line per chip, all 32 chips share these signatures)"
75	5-33	DMEM	U11	3	-		"shared block printed as ""U1- U16, U20- U35"" (one pin list for all 32 chips U1-U16 and U20-U35); expanded per chip; printed as one shared block labelled ""U1- U16, U20- U35"" (ranges U1..U16 and U20..U35; expanded to one line per chip, all 32 chips share these signatures)"
75	5-33	DMEM	U11	4	-		"shared block printed as ""U1- U16, U20- U35"" (one pin list for all 32 chips U1-U16 and U20-U35); expanded per chip; printed as one shared block labelled ""U1- U16, U20- U35"" (ranges U1..U16 and U20..U35; expanded to one line per chip, all 32 chips share these signatures)"
75	5-33	DMEM	U11	5	UH56		"shared block printed as ""U1- U16, U20- U35"" (one pin list for all 32 chips U1-U16 and U20-U35); expanded per chip; printed as one shared block labelled ""U1- U16, U20- U35"" (ranges U1..U16 and U20..U35; expanded to one line per chip, all 32 chips share these signatures)"
75	5-33	DMEM	U11	6	P279		"shared block printed as ""U1- U16, U20- U35"" (one pin list for all 32 chips U1-U16 and U20-U35); expanded per chip; printed as one shared block labelled ""U1- U16, U20- U35"" (ranges U1..U16 and U20..U35; expanded to one line per chip, all 32 chips share these signatures)"
75	5-33	DMEM	U11	7	861U		"shared block printed as ""U1- U16, U20- U35"" (one pin list for all 32 chips U1-U16 and U20-U35); expanded per chip; printed as one shared block labelled ""U1- U16, U20- U35"" (ranges U1..U16 and U20..U35; expanded to one line per chip, all 32 chips share these signatures)"
75	5-33	DMEM	U11	8	-		"shared block printed as ""U1- U16, U20- U35"" (one pin list for all 32 chips U1-U16 and U20-U35); expanded per chip; printed as one shared block labelled ""U1- U16, U20- U35"" (ranges U1..U16 and U20..U35; expanded to one line per chip, all 32 chips share these signatures)"
75	5-33	DMEM	U11	9	-		"shared block printed as ""U1- U16, U20- U35"" (one pin list for all 32 chips U1-U16 and U20-U35); expanded per chip; printed as one shared block labelled ""U1- U16, U20- U35"" (ranges U1..U16 and U20..U35; expanded to one line per chip, all 32 chips share these signatures)"
75	5-33	DMEM	U11	10	44U7		"shared block printed as ""U1- U16, U20- U35"" (one pin list for all 32 chips U1-U16 and U20-U35); expanded per chip; printed as one shared block labelled ""U1- U16, U20- U35"" (ranges U1..U16 and U20..U35; expanded to one line per chip, all 32 chips share these signatures)"
75	5-33	DMEM	U11	11	FU8U		"shared block printed as ""U1- U16, U20- U35"" (one pin list for all 32 chips U1-U16 and U20-U35); expanded per chip; printed as one shared block labelled ""U1- U16, U20- U35"" (ranges U1..U16 and U20..U35; expanded to one line per chip, all 32 chips share these signatures)"
75	5-33	DMEM	U11	12	A6F7		"shared block printed as ""U1- U16, U20- U35"" (one pin list for all 32 chips U1-U16 and U20-U35); expanded per chip; printed as one shared block labelled ""U1- U16, U20- U35"" (ranges U1..U16 and U20..U35; expanded to one line per chip, all 32 chips share these signatures)"
75	5-33	DMEM	U11	13	0AU1		"shared block printed as ""U1- U16, U20- U35"" (one pin list for all 32 chips U1-U16 and U20-U35); expanded per chip; printed as one shared block labelled ""U1- U16, U20- U35"" (ranges U1..U16 and U20..U35; expanded to one line per chip, all 32 chips share these signatures)"
75	5-33	DMEM	U11	14	-		"shared block printed as ""U1- U16, U20- U35"" (one pin list for all 32 chips U1-U16 and U20-U35); expanded per chip; printed as one shared block labelled ""U1- U16, U20- U35"" (ranges U1..U16 and U20..U35; expanded to one line per chip, all 32 chips share these signatures)"
75	5-33	DMEM	U11	15	-		"shared block printed as ""U1- U16, U20- U35"" (one pin list for all 32 chips U1-U16 and U20-U35); expanded per chip; printed as one shared block labelled ""U1- U16, U20- U35"" (ranges U1..U16 and U20..U35; expanded to one line per chip, all 32 chips share these signatures)"
75	5-33	DMEM	U11	16	0000		"shared block printed as ""U1- U16, U20- U35"" (one pin list for all 32 chips U1-U16 and U20-U35); expanded per chip; printed as one shared block labelled ""U1- U16, U20- U35"" (ranges U1..U16 and U20..U35; expanded to one line per chip, all 32 chips share these signatures)"
75	5-33	DMEM	U12	1	-		"shared block printed as ""U1- U16, U20- U35"" (one pin list for all 32 chips U1-U16 and U20-U35); expanded per chip; printed as one shared block labelled ""U1- U16, U20- U35"" (ranges U1..U16 and U20..U35; expanded to one line per chip, all 32 chips share these signatures)"
75	5-33	DMEM	U12	2	-		"shared block printed as ""U1- U16, U20- U35"" (one pin list for all 32 chips U1-U16 and U20-U35); expanded per chip; printed as one shared block labelled ""U1- U16, U20- U35"" (ranges U1..U16 and U20..U35; expanded to one line per chip, all 32 chips share these signatures)"
75	5-33	DMEM	U12	3	-		"shared block printed as ""U1- U16, U20- U35"" (one pin list for all 32 chips U1-U16 and U20-U35); expanded per chip; printed as one shared block labelled ""U1- U16, U20- U35"" (ranges U1..U16 and U20..U35; expanded to one line per chip, all 32 chips share these signatures)"
75	5-33	DMEM	U12	4	-		"shared block printed as ""U1- U16, U20- U35"" (one pin list for all 32 chips U1-U16 and U20-U35); expanded per chip; printed as one shared block labelled ""U1- U16, U20- U35"" (ranges U1..U16 and U20..U35; expanded to one line per chip, all 32 chips share these signatures)"
75	5-33	DMEM	U12	5	UH56		"shared block printed as ""U1- U16, U20- U35"" (one pin list for all 32 chips U1-U16 and U20-U35); expanded per chip; printed as one shared block labelled ""U1- U16, U20- U35"" (ranges U1..U16 and U20..U35; expanded to one line per chip, all 32 chips share these signatures)"
75	5-33	DMEM	U12	6	P279		"shared block printed as ""U1- U16, U20- U35"" (one pin list for all 32 chips U1-U16 and U20-U35); expanded per chip; printed as one shared block labelled ""U1- U16, U20- U35"" (ranges U1..U16 and U20..U35; expanded to one line per chip, all 32 chips share these signatures)"
75	5-33	DMEM	U12	7	861U		"shared block printed as ""U1- U16, U20- U35"" (one pin list for all 32 chips U1-U16 and U20-U35); expanded per chip; printed as one shared block labelled ""U1- U16, U20- U35"" (ranges U1..U16 and U20..U35; expanded to one line per chip, all 32 chips share these signatures)"
75	5-33	DMEM	U12	8	-		"shared block printed as ""U1- U16, U20- U35"" (one pin list for all 32 chips U1-U16 and U20-U35); expanded per chip; printed as one shared block labelled ""U1- U16, U20- U35"" (ranges U1..U16 and U20..U35; expanded to one line per chip, all 32 chips share these signatures)"
75	5-33	DMEM	U12	9	-		"shared block printed as ""U1- U16, U20- U35"" (one pin list for all 32 chips U1-U16 and U20-U35); expanded per chip; printed as one shared block labelled ""U1- U16, U20- U35"" (ranges U1..U16 and U20..U35; expanded to one line per chip, all 32 chips share these signatures)"
75	5-33	DMEM	U12	10	44U7		"shared block printed as ""U1- U16, U20- U35"" (one pin list for all 32 chips U1-U16 and U20-U35); expanded per chip; printed as one shared block labelled ""U1- U16, U20- U35"" (ranges U1..U16 and U20..U35; expanded to one line per chip, all 32 chips share these signatures)"
75	5-33	DMEM	U12	11	FU8U		"shared block printed as ""U1- U16, U20- U35"" (one pin list for all 32 chips U1-U16 and U20-U35); expanded per chip; printed as one shared block labelled ""U1- U16, U20- U35"" (ranges U1..U16 and U20..U35; expanded to one line per chip, all 32 chips share these signatures)"
75	5-33	DMEM	U12	12	A6F7		"shared block printed as ""U1- U16, U20- U35"" (one pin list for all 32 chips U1-U16 and U20-U35); expanded per chip; printed as one shared block labelled ""U1- U16, U20- U35"" (ranges U1..U16 and U20..U35; expanded to one line per chip, all 32 chips share these signatures)"
75	5-33	DMEM	U12	13	0AU1		"shared block printed as ""U1- U16, U20- U35"" (one pin list for all 32 chips U1-U16 and U20-U35); expanded per chip; printed as one shared block labelled ""U1- U16, U20- U35"" (ranges U1..U16 and U20..U35; expanded to one line per chip, all 32 chips share these signatures)"
75	5-33	DMEM	U12	14	-		"shared block printed as ""U1- U16, U20- U35"" (one pin list for all 32 chips U1-U16 and U20-U35); expanded per chip; printed as one shared block labelled ""U1- U16, U20- U35"" (ranges U1..U16 and U20..U35; expanded to one line per chip, all 32 chips share these signatures)"
75	5-33	DMEM	U12	15	-		"shared block printed as ""U1- U16, U20- U35"" (one pin list for all 32 chips U1-U16 and U20-U35); expanded per chip; printed as one shared block labelled ""U1- U16, U20- U35"" (ranges U1..U16 and U20..U35; expanded to one line per chip, all 32 chips share these signatures)"
75	5-33	DMEM	U12	16	0000		"shared block printed as ""U1- U16, U20- U35"" (one pin list for all 32 chips U1-U16 and U20-U35); expanded per chip; printed as one shared block labelled ""U1- U16, U20- U35"" (ranges U1..U16 and U20..U35; expanded to one line per chip, all 32 chips share these signatures)"
75	5-33	DMEM	U13	1	-		"shared block printed as ""U1- U16, U20- U35"" (one pin list for all 32 chips U1-U16 and U20-U35); expanded per chip; printed as one shared block labelled ""U1- U16, U20- U35"" (ranges U1..U16 and U20..U35; expanded to one line per chip, all 32 chips share these signatures)"
75	5-33	DMEM	U13	2	-		"shared block printed as ""U1- U16, U20- U35"" (one pin list for all 32 chips U1-U16 and U20-U35); expanded per chip; printed as one shared block labelled ""U1- U16, U20- U35"" (ranges U1..U16 and U20..U35; expanded to one line per chip, all 32 chips share these signatures)"
75	5-33	DMEM	U13	3	-		"shared block printed as ""U1- U16, U20- U35"" (one pin list for all 32 chips U1-U16 and U20-U35); expanded per chip; printed as one shared block labelled ""U1- U16, U20- U35"" (ranges U1..U16 and U20..U35; expanded to one line per chip, all 32 chips share these signatures)"
75	5-33	DMEM	U13	4	-		"shared block printed as ""U1- U16, U20- U35"" (one pin list for all 32 chips U1-U16 and U20-U35); expanded per chip; printed as one shared block labelled ""U1- U16, U20- U35"" (ranges U1..U16 and U20..U35; expanded to one line per chip, all 32 chips share these signatures)"
75	5-33	DMEM	U13	5	UH56		"shared block printed as ""U1- U16, U20- U35"" (one pin list for all 32 chips U1-U16 and U20-U35); expanded per chip; printed as one shared block labelled ""U1- U16, U20- U35"" (ranges U1..U16 and U20..U35; expanded to one line per chip, all 32 chips share these signatures)"
75	5-33	DMEM	U13	6	P279		"shared block printed as ""U1- U16, U20- U35"" (one pin list for all 32 chips U1-U16 and U20-U35); expanded per chip; printed as one shared block labelled ""U1- U16, U20- U35"" (ranges U1..U16 and U20..U35; expanded to one line per chip, all 32 chips share these signatures)"
75	5-33	DMEM	U13	7	861U		"shared block printed as ""U1- U16, U20- U35"" (one pin list for all 32 chips U1-U16 and U20-U35); expanded per chip; printed as one shared block labelled ""U1- U16, U20- U35"" (ranges U1..U16 and U20..U35; expanded to one line per chip, all 32 chips share these signatures)"
75	5-33	DMEM	U13	8	-		"shared block printed as ""U1- U16, U20- U35"" (one pin list for all 32 chips U1-U16 and U20-U35); expanded per chip; printed as one shared block labelled ""U1- U16, U20- U35"" (ranges U1..U16 and U20..U35; expanded to one line per chip, all 32 chips share these signatures)"
75	5-33	DMEM	U13	9	-		"shared block printed as ""U1- U16, U20- U35"" (one pin list for all 32 chips U1-U16 and U20-U35); expanded per chip; printed as one shared block labelled ""U1- U16, U20- U35"" (ranges U1..U16 and U20..U35; expanded to one line per chip, all 32 chips share these signatures)"
75	5-33	DMEM	U13	10	44U7		"shared block printed as ""U1- U16, U20- U35"" (one pin list for all 32 chips U1-U16 and U20-U35); expanded per chip; printed as one shared block labelled ""U1- U16, U20- U35"" (ranges U1..U16 and U20..U35; expanded to one line per chip, all 32 chips share these signatures)"
75	5-33	DMEM	U13	11	FU8U		"shared block printed as ""U1- U16, U20- U35"" (one pin list for all 32 chips U1-U16 and U20-U35); expanded per chip; printed as one shared block labelled ""U1- U16, U20- U35"" (ranges U1..U16 and U20..U35; expanded to one line per chip, all 32 chips share these signatures)"
75	5-33	DMEM	U13	12	A6F7		"shared block printed as ""U1- U16, U20- U35"" (one pin list for all 32 chips U1-U16 and U20-U35); expanded per chip; printed as one shared block labelled ""U1- U16, U20- U35"" (ranges U1..U16 and U20..U35; expanded to one line per chip, all 32 chips share these signatures)"
75	5-33	DMEM	U13	13	0AU1		"shared block printed as ""U1- U16, U20- U35"" (one pin list for all 32 chips U1-U16 and U20-U35); expanded per chip; printed as one shared block labelled ""U1- U16, U20- U35"" (ranges U1..U16 and U20..U35; expanded to one line per chip, all 32 chips share these signatures)"
75	5-33	DMEM	U13	14	-		"shared block printed as ""U1- U16, U20- U35"" (one pin list for all 32 chips U1-U16 and U20-U35); expanded per chip; printed as one shared block labelled ""U1- U16, U20- U35"" (ranges U1..U16 and U20..U35; expanded to one line per chip, all 32 chips share these signatures)"
75	5-33	DMEM	U13	15	-		"shared block printed as ""U1- U16, U20- U35"" (one pin list for all 32 chips U1-U16 and U20-U35); expanded per chip; printed as one shared block labelled ""U1- U16, U20- U35"" (ranges U1..U16 and U20..U35; expanded to one line per chip, all 32 chips share these signatures)"
75	5-33	DMEM	U13	16	0000		"shared block printed as ""U1- U16, U20- U35"" (one pin list for all 32 chips U1-U16 and U20-U35); expanded per chip; printed as one shared block labelled ""U1- U16, U20- U35"" (ranges U1..U16 and U20..U35; expanded to one line per chip, all 32 chips share these signatures)"
75	5-33	DMEM	U14	1	-		"shared block printed as ""U1- U16, U20- U35"" (one pin list for all 32 chips U1-U16 and U20-U35); expanded per chip; printed as one shared block labelled ""U1- U16, U20- U35"" (ranges U1..U16 and U20..U35; expanded to one line per chip, all 32 chips share these signatures)"
75	5-33	DMEM	U14	2	-		"shared block printed as ""U1- U16, U20- U35"" (one pin list for all 32 chips U1-U16 and U20-U35); expanded per chip; printed as one shared block labelled ""U1- U16, U20- U35"" (ranges U1..U16 and U20..U35; expanded to one line per chip, all 32 chips share these signatures)"
75	5-33	DMEM	U14	3	-		"shared block printed as ""U1- U16, U20- U35"" (one pin list for all 32 chips U1-U16 and U20-U35); expanded per chip; printed as one shared block labelled ""U1- U16, U20- U35"" (ranges U1..U16 and U20..U35; expanded to one line per chip, all 32 chips share these signatures)"
75	5-33	DMEM	U14	4	-		"shared block printed as ""U1- U16, U20- U35"" (one pin list for all 32 chips U1-U16 and U20-U35); expanded per chip; printed as one shared block labelled ""U1- U16, U20- U35"" (ranges U1..U16 and U20..U35; expanded to one line per chip, all 32 chips share these signatures)"
75	5-33	DMEM	U14	5	UH56		"shared block printed as ""U1- U16, U20- U35"" (one pin list for all 32 chips U1-U16 and U20-U35); expanded per chip; printed as one shared block labelled ""U1- U16, U20- U35"" (ranges U1..U16 and U20..U35; expanded to one line per chip, all 32 chips share these signatures)"
75	5-33	DMEM	U14	6	P279		"shared block printed as ""U1- U16, U20- U35"" (one pin list for all 32 chips U1-U16 and U20-U35); expanded per chip; printed as one shared block labelled ""U1- U16, U20- U35"" (ranges U1..U16 and U20..U35; expanded to one line per chip, all 32 chips share these signatures)"
75	5-33	DMEM	U14	7	861U		"shared block printed as ""U1- U16, U20- U35"" (one pin list for all 32 chips U1-U16 and U20-U35); expanded per chip; printed as one shared block labelled ""U1- U16, U20- U35"" (ranges U1..U16 and U20..U35; expanded to one line per chip, all 32 chips share these signatures)"
75	5-33	DMEM	U14	8	-		"shared block printed as ""U1- U16, U20- U35"" (one pin list for all 32 chips U1-U16 and U20-U35); expanded per chip; printed as one shared block labelled ""U1- U16, U20- U35"" (ranges U1..U16 and U20..U35; expanded to one line per chip, all 32 chips share these signatures)"
75	5-33	DMEM	U14	9	-		"shared block printed as ""U1- U16, U20- U35"" (one pin list for all 32 chips U1-U16 and U20-U35); expanded per chip; printed as one shared block labelled ""U1- U16, U20- U35"" (ranges U1..U16 and U20..U35; expanded to one line per chip, all 32 chips share these signatures)"
75	5-33	DMEM	U14	10	44U7		"shared block printed as ""U1- U16, U20- U35"" (one pin list for all 32 chips U1-U16 and U20-U35); expanded per chip; printed as one shared block labelled ""U1- U16, U20- U35"" (ranges U1..U16 and U20..U35; expanded to one line per chip, all 32 chips share these signatures)"
75	5-33	DMEM	U14	11	FU8U		"shared block printed as ""U1- U16, U20- U35"" (one pin list for all 32 chips U1-U16 and U20-U35); expanded per chip; printed as one shared block labelled ""U1- U16, U20- U35"" (ranges U1..U16 and U20..U35; expanded to one line per chip, all 32 chips share these signatures)"
75	5-33	DMEM	U14	12	A6F7		"shared block printed as ""U1- U16, U20- U35"" (one pin list for all 32 chips U1-U16 and U20-U35); expanded per chip; printed as one shared block labelled ""U1- U16, U20- U35"" (ranges U1..U16 and U20..U35; expanded to one line per chip, all 32 chips share these signatures)"
75	5-33	DMEM	U14	13	0AU1		"shared block printed as ""U1- U16, U20- U35"" (one pin list for all 32 chips U1-U16 and U20-U35); expanded per chip; printed as one shared block labelled ""U1- U16, U20- U35"" (ranges U1..U16 and U20..U35; expanded to one line per chip, all 32 chips share these signatures)"
75	5-33	DMEM	U14	14	-		"shared block printed as ""U1- U16, U20- U35"" (one pin list for all 32 chips U1-U16 and U20-U35); expanded per chip; printed as one shared block labelled ""U1- U16, U20- U35"" (ranges U1..U16 and U20..U35; expanded to one line per chip, all 32 chips share these signatures)"
75	5-33	DMEM	U14	15	-		"shared block printed as ""U1- U16, U20- U35"" (one pin list for all 32 chips U1-U16 and U20-U35); expanded per chip; printed as one shared block labelled ""U1- U16, U20- U35"" (ranges U1..U16 and U20..U35; expanded to one line per chip, all 32 chips share these signatures)"
75	5-33	DMEM	U14	16	0000		"shared block printed as ""U1- U16, U20- U35"" (one pin list for all 32 chips U1-U16 and U20-U35); expanded per chip; printed as one shared block labelled ""U1- U16, U20- U35"" (ranges U1..U16 and U20..U35; expanded to one line per chip, all 32 chips share these signatures)"
75	5-33	DMEM	U15	1	-		"shared block printed as ""U1- U16, U20- U35"" (one pin list for all 32 chips U1-U16 and U20-U35); expanded per chip; printed as one shared block labelled ""U1- U16, U20- U35"" (ranges U1..U16 and U20..U35; expanded to one line per chip, all 32 chips share these signatures)"
75	5-33	DMEM	U15	2	-		"shared block printed as ""U1- U16, U20- U35"" (one pin list for all 32 chips U1-U16 and U20-U35); expanded per chip; printed as one shared block labelled ""U1- U16, U20- U35"" (ranges U1..U16 and U20..U35; expanded to one line per chip, all 32 chips share these signatures)"
75	5-33	DMEM	U15	3	-		"shared block printed as ""U1- U16, U20- U35"" (one pin list for all 32 chips U1-U16 and U20-U35); expanded per chip; printed as one shared block labelled ""U1- U16, U20- U35"" (ranges U1..U16 and U20..U35; expanded to one line per chip, all 32 chips share these signatures)"
75	5-33	DMEM	U15	4	-		"shared block printed as ""U1- U16, U20- U35"" (one pin list for all 32 chips U1-U16 and U20-U35); expanded per chip; printed as one shared block labelled ""U1- U16, U20- U35"" (ranges U1..U16 and U20..U35; expanded to one line per chip, all 32 chips share these signatures)"
75	5-33	DMEM	U15	5	UH56		"shared block printed as ""U1- U16, U20- U35"" (one pin list for all 32 chips U1-U16 and U20-U35); expanded per chip; printed as one shared block labelled ""U1- U16, U20- U35"" (ranges U1..U16 and U20..U35; expanded to one line per chip, all 32 chips share these signatures)"
75	5-33	DMEM	U15	6	P279		"shared block printed as ""U1- U16, U20- U35"" (one pin list for all 32 chips U1-U16 and U20-U35); expanded per chip; printed as one shared block labelled ""U1- U16, U20- U35"" (ranges U1..U16 and U20..U35; expanded to one line per chip, all 32 chips share these signatures)"
75	5-33	DMEM	U15	7	861U		"shared block printed as ""U1- U16, U20- U35"" (one pin list for all 32 chips U1-U16 and U20-U35); expanded per chip; printed as one shared block labelled ""U1- U16, U20- U35"" (ranges U1..U16 and U20..U35; expanded to one line per chip, all 32 chips share these signatures)"
75	5-33	DMEM	U15	8	-		"shared block printed as ""U1- U16, U20- U35"" (one pin list for all 32 chips U1-U16 and U20-U35); expanded per chip; printed as one shared block labelled ""U1- U16, U20- U35"" (ranges U1..U16 and U20..U35; expanded to one line per chip, all 32 chips share these signatures)"
75	5-33	DMEM	U15	9	-		"shared block printed as ""U1- U16, U20- U35"" (one pin list for all 32 chips U1-U16 and U20-U35); expanded per chip; printed as one shared block labelled ""U1- U16, U20- U35"" (ranges U1..U16 and U20..U35; expanded to one line per chip, all 32 chips share these signatures)"
75	5-33	DMEM	U15	10	44U7		"shared block printed as ""U1- U16, U20- U35"" (one pin list for all 32 chips U1-U16 and U20-U35); expanded per chip; printed as one shared block labelled ""U1- U16, U20- U35"" (ranges U1..U16 and U20..U35; expanded to one line per chip, all 32 chips share these signatures)"
75	5-33	DMEM	U15	11	FU8U		"shared block printed as ""U1- U16, U20- U35"" (one pin list for all 32 chips U1-U16 and U20-U35); expanded per chip; printed as one shared block labelled ""U1- U16, U20- U35"" (ranges U1..U16 and U20..U35; expanded to one line per chip, all 32 chips share these signatures)"
75	5-33	DMEM	U15	12	A6F7		"shared block printed as ""U1- U16, U20- U35"" (one pin list for all 32 chips U1-U16 and U20-U35); expanded per chip; printed as one shared block labelled ""U1- U16, U20- U35"" (ranges U1..U16 and U20..U35; expanded to one line per chip, all 32 chips share these signatures)"
75	5-33	DMEM	U15	13	0AU1		"shared block printed as ""U1- U16, U20- U35"" (one pin list for all 32 chips U1-U16 and U20-U35); expanded per chip; printed as one shared block labelled ""U1- U16, U20- U35"" (ranges U1..U16 and U20..U35; expanded to one line per chip, all 32 chips share these signatures)"
75	5-33	DMEM	U15	14	-		"shared block printed as ""U1- U16, U20- U35"" (one pin list for all 32 chips U1-U16 and U20-U35); expanded per chip; printed as one shared block labelled ""U1- U16, U20- U35"" (ranges U1..U16 and U20..U35; expanded to one line per chip, all 32 chips share these signatures)"
75	5-33	DMEM	U15	15	-		"shared block printed as ""U1- U16, U20- U35"" (one pin list for all 32 chips U1-U16 and U20-U35); expanded per chip; printed as one shared block labelled ""U1- U16, U20- U35"" (ranges U1..U16 and U20..U35; expanded to one line per chip, all 32 chips share these signatures)"
75	5-33	DMEM	U15	16	0000		"shared block printed as ""U1- U16, U20- U35"" (one pin list for all 32 chips U1-U16 and U20-U35); expanded per chip; printed as one shared block labelled ""U1- U16, U20- U35"" (ranges U1..U16 and U20..U35; expanded to one line per chip, all 32 chips share these signatures)"
75	5-33	DMEM	U16	1	-		"shared block printed as ""U1- U16, U20- U35"" (one pin list for all 32 chips U1-U16 and U20-U35); expanded per chip; printed as one shared block labelled ""U1- U16, U20- U35"" (ranges U1..U16 and U20..U35; expanded to one line per chip, all 32 chips share these signatures)"
75	5-33	DMEM	U16	2	-		"shared block printed as ""U1- U16, U20- U35"" (one pin list for all 32 chips U1-U16 and U20-U35); expanded per chip; printed as one shared block labelled ""U1- U16, U20- U35"" (ranges U1..U16 and U20..U35; expanded to one line per chip, all 32 chips share these signatures)"
75	5-33	DMEM	U16	3	-		"shared block printed as ""U1- U16, U20- U35"" (one pin list for all 32 chips U1-U16 and U20-U35); expanded per chip; printed as one shared block labelled ""U1- U16, U20- U35"" (ranges U1..U16 and U20..U35; expanded to one line per chip, all 32 chips share these signatures)"
75	5-33	DMEM	U16	4	-		"shared block printed as ""U1- U16, U20- U35"" (one pin list for all 32 chips U1-U16 and U20-U35); expanded per chip; printed as one shared block labelled ""U1- U16, U20- U35"" (ranges U1..U16 and U20..U35; expanded to one line per chip, all 32 chips share these signatures)"
75	5-33	DMEM	U16	5	UH56		"shared block printed as ""U1- U16, U20- U35"" (one pin list for all 32 chips U1-U16 and U20-U35); expanded per chip; printed as one shared block labelled ""U1- U16, U20- U35"" (ranges U1..U16 and U20..U35; expanded to one line per chip, all 32 chips share these signatures)"
75	5-33	DMEM	U16	6	P279		"shared block printed as ""U1- U16, U20- U35"" (one pin list for all 32 chips U1-U16 and U20-U35); expanded per chip; printed as one shared block labelled ""U1- U16, U20- U35"" (ranges U1..U16 and U20..U35; expanded to one line per chip, all 32 chips share these signatures)"
75	5-33	DMEM	U16	7	861U		"shared block printed as ""U1- U16, U20- U35"" (one pin list for all 32 chips U1-U16 and U20-U35); expanded per chip; printed as one shared block labelled ""U1- U16, U20- U35"" (ranges U1..U16 and U20..U35; expanded to one line per chip, all 32 chips share these signatures)"
75	5-33	DMEM	U16	8	-		"shared block printed as ""U1- U16, U20- U35"" (one pin list for all 32 chips U1-U16 and U20-U35); expanded per chip; printed as one shared block labelled ""U1- U16, U20- U35"" (ranges U1..U16 and U20..U35; expanded to one line per chip, all 32 chips share these signatures)"
75	5-33	DMEM	U16	9	-		"shared block printed as ""U1- U16, U20- U35"" (one pin list for all 32 chips U1-U16 and U20-U35); expanded per chip; printed as one shared block labelled ""U1- U16, U20- U35"" (ranges U1..U16 and U20..U35; expanded to one line per chip, all 32 chips share these signatures)"
75	5-33	DMEM	U16	10	44U7		"shared block printed as ""U1- U16, U20- U35"" (one pin list for all 32 chips U1-U16 and U20-U35); expanded per chip; printed as one shared block labelled ""U1- U16, U20- U35"" (ranges U1..U16 and U20..U35; expanded to one line per chip, all 32 chips share these signatures)"
75	5-33	DMEM	U16	11	FU8U		"shared block printed as ""U1- U16, U20- U35"" (one pin list for all 32 chips U1-U16 and U20-U35); expanded per chip; printed as one shared block labelled ""U1- U16, U20- U35"" (ranges U1..U16 and U20..U35; expanded to one line per chip, all 32 chips share these signatures)"
75	5-33	DMEM	U16	12	A6F7		"shared block printed as ""U1- U16, U20- U35"" (one pin list for all 32 chips U1-U16 and U20-U35); expanded per chip; printed as one shared block labelled ""U1- U16, U20- U35"" (ranges U1..U16 and U20..U35; expanded to one line per chip, all 32 chips share these signatures)"
75	5-33	DMEM	U16	13	0AU1		"shared block printed as ""U1- U16, U20- U35"" (one pin list for all 32 chips U1-U16 and U20-U35); expanded per chip; printed as one shared block labelled ""U1- U16, U20- U35"" (ranges U1..U16 and U20..U35; expanded to one line per chip, all 32 chips share these signatures)"
75	5-33	DMEM	U16	14	-		"shared block printed as ""U1- U16, U20- U35"" (one pin list for all 32 chips U1-U16 and U20-U35); expanded per chip; printed as one shared block labelled ""U1- U16, U20- U35"" (ranges U1..U16 and U20..U35; expanded to one line per chip, all 32 chips share these signatures)"
75	5-33	DMEM	U16	15	-		"shared block printed as ""U1- U16, U20- U35"" (one pin list for all 32 chips U1-U16 and U20-U35); expanded per chip; printed as one shared block labelled ""U1- U16, U20- U35"" (ranges U1..U16 and U20..U35; expanded to one line per chip, all 32 chips share these signatures)"
75	5-33	DMEM	U16	16	0000		"shared block printed as ""U1- U16, U20- U35"" (one pin list for all 32 chips U1-U16 and U20-U35); expanded per chip; printed as one shared block labelled ""U1- U16, U20- U35"" (ranges U1..U16 and U20..U35; expanded to one line per chip, all 32 chips share these signatures)"
75	5-33	DMEM	U20	1	-		"shared block printed as ""U1- U16, U20- U35"" (one pin list for all 32 chips U1-U16 and U20-U35); expanded per chip; printed as one shared block labelled ""U1- U16, U20- U35"" (ranges U1..U16 and U20..U35; expanded to one line per chip, all 32 chips share these signatures)"
75	5-33	DMEM	U20	2	-		"shared block printed as ""U1- U16, U20- U35"" (one pin list for all 32 chips U1-U16 and U20-U35); expanded per chip; printed as one shared block labelled ""U1- U16, U20- U35"" (ranges U1..U16 and U20..U35; expanded to one line per chip, all 32 chips share these signatures)"
75	5-33	DMEM	U20	3	-		"shared block printed as ""U1- U16, U20- U35"" (one pin list for all 32 chips U1-U16 and U20-U35); expanded per chip; printed as one shared block labelled ""U1- U16, U20- U35"" (ranges U1..U16 and U20..U35; expanded to one line per chip, all 32 chips share these signatures)"
75	5-33	DMEM	U20	4	-		"shared block printed as ""U1- U16, U20- U35"" (one pin list for all 32 chips U1-U16 and U20-U35); expanded per chip; printed as one shared block labelled ""U1- U16, U20- U35"" (ranges U1..U16 and U20..U35; expanded to one line per chip, all 32 chips share these signatures)"
75	5-33	DMEM	U20	5	UH56		"shared block printed as ""U1- U16, U20- U35"" (one pin list for all 32 chips U1-U16 and U20-U35); expanded per chip; printed as one shared block labelled ""U1- U16, U20- U35"" (ranges U1..U16 and U20..U35; expanded to one line per chip, all 32 chips share these signatures)"
75	5-33	DMEM	U20	6	P279		"shared block printed as ""U1- U16, U20- U35"" (one pin list for all 32 chips U1-U16 and U20-U35); expanded per chip; printed as one shared block labelled ""U1- U16, U20- U35"" (ranges U1..U16 and U20..U35; expanded to one line per chip, all 32 chips share these signatures)"
75	5-33	DMEM	U20	7	861U		"shared block printed as ""U1- U16, U20- U35"" (one pin list for all 32 chips U1-U16 and U20-U35); expanded per chip; printed as one shared block labelled ""U1- U16, U20- U35"" (ranges U1..U16 and U20..U35; expanded to one line per chip, all 32 chips share these signatures)"
75	5-33	DMEM	U20	8	-		"shared block printed as ""U1- U16, U20- U35"" (one pin list for all 32 chips U1-U16 and U20-U35); expanded per chip; printed as one shared block labelled ""U1- U16, U20- U35"" (ranges U1..U16 and U20..U35; expanded to one line per chip, all 32 chips share these signatures)"
75	5-33	DMEM	U20	9	-		"shared block printed as ""U1- U16, U20- U35"" (one pin list for all 32 chips U1-U16 and U20-U35); expanded per chip; printed as one shared block labelled ""U1- U16, U20- U35"" (ranges U1..U16 and U20..U35; expanded to one line per chip, all 32 chips share these signatures)"
75	5-33	DMEM	U20	10	44U7		"shared block printed as ""U1- U16, U20- U35"" (one pin list for all 32 chips U1-U16 and U20-U35); expanded per chip; printed as one shared block labelled ""U1- U16, U20- U35"" (ranges U1..U16 and U20..U35; expanded to one line per chip, all 32 chips share these signatures)"
75	5-33	DMEM	U20	11	FU8U		"shared block printed as ""U1- U16, U20- U35"" (one pin list for all 32 chips U1-U16 and U20-U35); expanded per chip; printed as one shared block labelled ""U1- U16, U20- U35"" (ranges U1..U16 and U20..U35; expanded to one line per chip, all 32 chips share these signatures)"
75	5-33	DMEM	U20	12	A6F7		"shared block printed as ""U1- U16, U20- U35"" (one pin list for all 32 chips U1-U16 and U20-U35); expanded per chip; printed as one shared block labelled ""U1- U16, U20- U35"" (ranges U1..U16 and U20..U35; expanded to one line per chip, all 32 chips share these signatures)"
75	5-33	DMEM	U20	13	0AU1		"shared block printed as ""U1- U16, U20- U35"" (one pin list for all 32 chips U1-U16 and U20-U35); expanded per chip; printed as one shared block labelled ""U1- U16, U20- U35"" (ranges U1..U16 and U20..U35; expanded to one line per chip, all 32 chips share these signatures)"
75	5-33	DMEM	U20	14	-		"shared block printed as ""U1- U16, U20- U35"" (one pin list for all 32 chips U1-U16 and U20-U35); expanded per chip; printed as one shared block labelled ""U1- U16, U20- U35"" (ranges U1..U16 and U20..U35; expanded to one line per chip, all 32 chips share these signatures)"
75	5-33	DMEM	U20	15	-		"shared block printed as ""U1- U16, U20- U35"" (one pin list for all 32 chips U1-U16 and U20-U35); expanded per chip; printed as one shared block labelled ""U1- U16, U20- U35"" (ranges U1..U16 and U20..U35; expanded to one line per chip, all 32 chips share these signatures)"
75	5-33	DMEM	U20	16	0000		"shared block printed as ""U1- U16, U20- U35"" (one pin list for all 32 chips U1-U16 and U20-U35); expanded per chip; printed as one shared block labelled ""U1- U16, U20- U35"" (ranges U1..U16 and U20..U35; expanded to one line per chip, all 32 chips share these signatures)"
75	5-33	DMEM	U21	1	-		"shared block printed as ""U1- U16, U20- U35"" (one pin list for all 32 chips U1-U16 and U20-U35); expanded per chip; printed as one shared block labelled ""U1- U16, U20- U35"" (ranges U1..U16 and U20..U35; expanded to one line per chip, all 32 chips share these signatures)"
75	5-33	DMEM	U21	2	-		"shared block printed as ""U1- U16, U20- U35"" (one pin list for all 32 chips U1-U16 and U20-U35); expanded per chip; printed as one shared block labelled ""U1- U16, U20- U35"" (ranges U1..U16 and U20..U35; expanded to one line per chip, all 32 chips share these signatures)"
75	5-33	DMEM	U21	3	-		"shared block printed as ""U1- U16, U20- U35"" (one pin list for all 32 chips U1-U16 and U20-U35); expanded per chip; printed as one shared block labelled ""U1- U16, U20- U35"" (ranges U1..U16 and U20..U35; expanded to one line per chip, all 32 chips share these signatures)"
75	5-33	DMEM	U21	4	-		"shared block printed as ""U1- U16, U20- U35"" (one pin list for all 32 chips U1-U16 and U20-U35); expanded per chip; printed as one shared block labelled ""U1- U16, U20- U35"" (ranges U1..U16 and U20..U35; expanded to one line per chip, all 32 chips share these signatures)"
75	5-33	DMEM	U21	5	UH56		"shared block printed as ""U1- U16, U20- U35"" (one pin list for all 32 chips U1-U16 and U20-U35); expanded per chip; printed as one shared block labelled ""U1- U16, U20- U35"" (ranges U1..U16 and U20..U35; expanded to one line per chip, all 32 chips share these signatures)"
75	5-33	DMEM	U21	6	P279		"shared block printed as ""U1- U16, U20- U35"" (one pin list for all 32 chips U1-U16 and U20-U35); expanded per chip; printed as one shared block labelled ""U1- U16, U20- U35"" (ranges U1..U16 and U20..U35; expanded to one line per chip, all 32 chips share these signatures)"
75	5-33	DMEM	U21	7	861U		"shared block printed as ""U1- U16, U20- U35"" (one pin list for all 32 chips U1-U16 and U20-U35); expanded per chip; printed as one shared block labelled ""U1- U16, U20- U35"" (ranges U1..U16 and U20..U35; expanded to one line per chip, all 32 chips share these signatures)"
75	5-33	DMEM	U21	8	-		"shared block printed as ""U1- U16, U20- U35"" (one pin list for all 32 chips U1-U16 and U20-U35); expanded per chip; printed as one shared block labelled ""U1- U16, U20- U35"" (ranges U1..U16 and U20..U35; expanded to one line per chip, all 32 chips share these signatures)"
75	5-33	DMEM	U21	9	-		"shared block printed as ""U1- U16, U20- U35"" (one pin list for all 32 chips U1-U16 and U20-U35); expanded per chip; printed as one shared block labelled ""U1- U16, U20- U35"" (ranges U1..U16 and U20..U35; expanded to one line per chip, all 32 chips share these signatures)"
75	5-33	DMEM	U21	10	44U7		"shared block printed as ""U1- U16, U20- U35"" (one pin list for all 32 chips U1-U16 and U20-U35); expanded per chip; printed as one shared block labelled ""U1- U16, U20- U35"" (ranges U1..U16 and U20..U35; expanded to one line per chip, all 32 chips share these signatures)"
75	5-33	DMEM	U21	11	FU8U		"shared block printed as ""U1- U16, U20- U35"" (one pin list for all 32 chips U1-U16 and U20-U35); expanded per chip; printed as one shared block labelled ""U1- U16, U20- U35"" (ranges U1..U16 and U20..U35; expanded to one line per chip, all 32 chips share these signatures)"
75	5-33	DMEM	U21	12	A6F7		"shared block printed as ""U1- U16, U20- U35"" (one pin list for all 32 chips U1-U16 and U20-U35); expanded per chip; printed as one shared block labelled ""U1- U16, U20- U35"" (ranges U1..U16 and U20..U35; expanded to one line per chip, all 32 chips share these signatures)"
75	5-33	DMEM	U21	13	0AU1		"shared block printed as ""U1- U16, U20- U35"" (one pin list for all 32 chips U1-U16 and U20-U35); expanded per chip; printed as one shared block labelled ""U1- U16, U20- U35"" (ranges U1..U16 and U20..U35; expanded to one line per chip, all 32 chips share these signatures)"
75	5-33	DMEM	U21	14	-		"shared block printed as ""U1- U16, U20- U35"" (one pin list for all 32 chips U1-U16 and U20-U35); expanded per chip; printed as one shared block labelled ""U1- U16, U20- U35"" (ranges U1..U16 and U20..U35; expanded to one line per chip, all 32 chips share these signatures)"
75	5-33	DMEM	U21	15	-		"shared block printed as ""U1- U16, U20- U35"" (one pin list for all 32 chips U1-U16 and U20-U35); expanded per chip; printed as one shared block labelled ""U1- U16, U20- U35"" (ranges U1..U16 and U20..U35; expanded to one line per chip, all 32 chips share these signatures)"
75	5-33	DMEM	U21	16	0000		"shared block printed as ""U1- U16, U20- U35"" (one pin list for all 32 chips U1-U16 and U20-U35); expanded per chip; printed as one shared block labelled ""U1- U16, U20- U35"" (ranges U1..U16 and U20..U35; expanded to one line per chip, all 32 chips share these signatures)"
75	5-33	DMEM	U22	1	-		"shared block printed as ""U1- U16, U20- U35"" (one pin list for all 32 chips U1-U16 and U20-U35); expanded per chip; printed as one shared block labelled ""U1- U16, U20- U35"" (ranges U1..U16 and U20..U35; expanded to one line per chip, all 32 chips share these signatures)"
75	5-33	DMEM	U22	2	-		"shared block printed as ""U1- U16, U20- U35"" (one pin list for all 32 chips U1-U16 and U20-U35); expanded per chip; printed as one shared block labelled ""U1- U16, U20- U35"" (ranges U1..U16 and U20..U35; expanded to one line per chip, all 32 chips share these signatures)"
75	5-33	DMEM	U22	3	-		"shared block printed as ""U1- U16, U20- U35"" (one pin list for all 32 chips U1-U16 and U20-U35); expanded per chip; printed as one shared block labelled ""U1- U16, U20- U35"" (ranges U1..U16 and U20..U35; expanded to one line per chip, all 32 chips share these signatures)"
75	5-33	DMEM	U22	4	-		"shared block printed as ""U1- U16, U20- U35"" (one pin list for all 32 chips U1-U16 and U20-U35); expanded per chip; printed as one shared block labelled ""U1- U16, U20- U35"" (ranges U1..U16 and U20..U35; expanded to one line per chip, all 32 chips share these signatures)"
75	5-33	DMEM	U22	5	UH56		"shared block printed as ""U1- U16, U20- U35"" (one pin list for all 32 chips U1-U16 and U20-U35); expanded per chip; printed as one shared block labelled ""U1- U16, U20- U35"" (ranges U1..U16 and U20..U35; expanded to one line per chip, all 32 chips share these signatures)"
75	5-33	DMEM	U22	6	P279		"shared block printed as ""U1- U16, U20- U35"" (one pin list for all 32 chips U1-U16 and U20-U35); expanded per chip; printed as one shared block labelled ""U1- U16, U20- U35"" (ranges U1..U16 and U20..U35; expanded to one line per chip, all 32 chips share these signatures)"
75	5-33	DMEM	U22	7	861U		"shared block printed as ""U1- U16, U20- U35"" (one pin list for all 32 chips U1-U16 and U20-U35); expanded per chip; printed as one shared block labelled ""U1- U16, U20- U35"" (ranges U1..U16 and U20..U35; expanded to one line per chip, all 32 chips share these signatures)"
75	5-33	DMEM	U22	8	-		"shared block printed as ""U1- U16, U20- U35"" (one pin list for all 32 chips U1-U16 and U20-U35); expanded per chip; printed as one shared block labelled ""U1- U16, U20- U35"" (ranges U1..U16 and U20..U35; expanded to one line per chip, all 32 chips share these signatures)"
75	5-33	DMEM	U22	9	-		"shared block printed as ""U1- U16, U20- U35"" (one pin list for all 32 chips U1-U16 and U20-U35); expanded per chip; printed as one shared block labelled ""U1- U16, U20- U35"" (ranges U1..U16 and U20..U35; expanded to one line per chip, all 32 chips share these signatures)"
75	5-33	DMEM	U22	10	44U7		"shared block printed as ""U1- U16, U20- U35"" (one pin list for all 32 chips U1-U16 and U20-U35); expanded per chip; printed as one shared block labelled ""U1- U16, U20- U35"" (ranges U1..U16 and U20..U35; expanded to one line per chip, all 32 chips share these signatures)"
75	5-33	DMEM	U22	11	FU8U		"shared block printed as ""U1- U16, U20- U35"" (one pin list for all 32 chips U1-U16 and U20-U35); expanded per chip; printed as one shared block labelled ""U1- U16, U20- U35"" (ranges U1..U16 and U20..U35; expanded to one line per chip, all 32 chips share these signatures)"
75	5-33	DMEM	U22	12	A6F7		"shared block printed as ""U1- U16, U20- U35"" (one pin list for all 32 chips U1-U16 and U20-U35); expanded per chip; printed as one shared block labelled ""U1- U16, U20- U35"" (ranges U1..U16 and U20..U35; expanded to one line per chip, all 32 chips share these signatures)"
75	5-33	DMEM	U22	13	0AU1		"shared block printed as ""U1- U16, U20- U35"" (one pin list for all 32 chips U1-U16 and U20-U35); expanded per chip; printed as one shared block labelled ""U1- U16, U20- U35"" (ranges U1..U16 and U20..U35; expanded to one line per chip, all 32 chips share these signatures)"
75	5-33	DMEM	U22	14	-		"shared block printed as ""U1- U16, U20- U35"" (one pin list for all 32 chips U1-U16 and U20-U35); expanded per chip; printed as one shared block labelled ""U1- U16, U20- U35"" (ranges U1..U16 and U20..U35; expanded to one line per chip, all 32 chips share these signatures)"
75	5-33	DMEM	U22	15	-		"shared block printed as ""U1- U16, U20- U35"" (one pin list for all 32 chips U1-U16 and U20-U35); expanded per chip; printed as one shared block labelled ""U1- U16, U20- U35"" (ranges U1..U16 and U20..U35; expanded to one line per chip, all 32 chips share these signatures)"
75	5-33	DMEM	U22	16	0000		"shared block printed as ""U1- U16, U20- U35"" (one pin list for all 32 chips U1-U16 and U20-U35); expanded per chip; printed as one shared block labelled ""U1- U16, U20- U35"" (ranges U1..U16 and U20..U35; expanded to one line per chip, all 32 chips share these signatures)"
75	5-33	DMEM	U23	1	-		"shared block printed as ""U1- U16, U20- U35"" (one pin list for all 32 chips U1-U16 and U20-U35); expanded per chip; printed as one shared block labelled ""U1- U16, U20- U35"" (ranges U1..U16 and U20..U35; expanded to one line per chip, all 32 chips share these signatures)"
75	5-33	DMEM	U23	2	-		"shared block printed as ""U1- U16, U20- U35"" (one pin list for all 32 chips U1-U16 and U20-U35); expanded per chip; printed as one shared block labelled ""U1- U16, U20- U35"" (ranges U1..U16 and U20..U35; expanded to one line per chip, all 32 chips share these signatures)"
75	5-33	DMEM	U23	3	-		"shared block printed as ""U1- U16, U20- U35"" (one pin list for all 32 chips U1-U16 and U20-U35); expanded per chip; printed as one shared block labelled ""U1- U16, U20- U35"" (ranges U1..U16 and U20..U35; expanded to one line per chip, all 32 chips share these signatures)"
75	5-33	DMEM	U23	4	-		"shared block printed as ""U1- U16, U20- U35"" (one pin list for all 32 chips U1-U16 and U20-U35); expanded per chip; printed as one shared block labelled ""U1- U16, U20- U35"" (ranges U1..U16 and U20..U35; expanded to one line per chip, all 32 chips share these signatures)"
75	5-33	DMEM	U23	5	UH56		"shared block printed as ""U1- U16, U20- U35"" (one pin list for all 32 chips U1-U16 and U20-U35); expanded per chip; printed as one shared block labelled ""U1- U16, U20- U35"" (ranges U1..U16 and U20..U35; expanded to one line per chip, all 32 chips share these signatures)"
75	5-33	DMEM	U23	6	P279		"shared block printed as ""U1- U16, U20- U35"" (one pin list for all 32 chips U1-U16 and U20-U35); expanded per chip; printed as one shared block labelled ""U1- U16, U20- U35"" (ranges U1..U16 and U20..U35; expanded to one line per chip, all 32 chips share these signatures)"
75	5-33	DMEM	U23	7	861U		"shared block printed as ""U1- U16, U20- U35"" (one pin list for all 32 chips U1-U16 and U20-U35); expanded per chip; printed as one shared block labelled ""U1- U16, U20- U35"" (ranges U1..U16 and U20..U35; expanded to one line per chip, all 32 chips share these signatures)"
75	5-33	DMEM	U23	8	-		"shared block printed as ""U1- U16, U20- U35"" (one pin list for all 32 chips U1-U16 and U20-U35); expanded per chip; printed as one shared block labelled ""U1- U16, U20- U35"" (ranges U1..U16 and U20..U35; expanded to one line per chip, all 32 chips share these signatures)"
75	5-33	DMEM	U23	9	-		"shared block printed as ""U1- U16, U20- U35"" (one pin list for all 32 chips U1-U16 and U20-U35); expanded per chip; printed as one shared block labelled ""U1- U16, U20- U35"" (ranges U1..U16 and U20..U35; expanded to one line per chip, all 32 chips share these signatures)"
75	5-33	DMEM	U23	10	44U7		"shared block printed as ""U1- U16, U20- U35"" (one pin list for all 32 chips U1-U16 and U20-U35); expanded per chip; printed as one shared block labelled ""U1- U16, U20- U35"" (ranges U1..U16 and U20..U35; expanded to one line per chip, all 32 chips share these signatures)"
75	5-33	DMEM	U23	11	FU8U		"shared block printed as ""U1- U16, U20- U35"" (one pin list for all 32 chips U1-U16 and U20-U35); expanded per chip; printed as one shared block labelled ""U1- U16, U20- U35"" (ranges U1..U16 and U20..U35; expanded to one line per chip, all 32 chips share these signatures)"
75	5-33	DMEM	U23	12	A6F7		"shared block printed as ""U1- U16, U20- U35"" (one pin list for all 32 chips U1-U16 and U20-U35); expanded per chip; printed as one shared block labelled ""U1- U16, U20- U35"" (ranges U1..U16 and U20..U35; expanded to one line per chip, all 32 chips share these signatures)"
75	5-33	DMEM	U23	13	0AU1		"shared block printed as ""U1- U16, U20- U35"" (one pin list for all 32 chips U1-U16 and U20-U35); expanded per chip; printed as one shared block labelled ""U1- U16, U20- U35"" (ranges U1..U16 and U20..U35; expanded to one line per chip, all 32 chips share these signatures)"
75	5-33	DMEM	U23	14	-		"shared block printed as ""U1- U16, U20- U35"" (one pin list for all 32 chips U1-U16 and U20-U35); expanded per chip; printed as one shared block labelled ""U1- U16, U20- U35"" (ranges U1..U16 and U20..U35; expanded to one line per chip, all 32 chips share these signatures)"
75	5-33	DMEM	U23	15	-		"shared block printed as ""U1- U16, U20- U35"" (one pin list for all 32 chips U1-U16 and U20-U35); expanded per chip; printed as one shared block labelled ""U1- U16, U20- U35"" (ranges U1..U16 and U20..U35; expanded to one line per chip, all 32 chips share these signatures)"
75	5-33	DMEM	U23	16	0000		"shared block printed as ""U1- U16, U20- U35"" (one pin list for all 32 chips U1-U16 and U20-U35); expanded per chip; printed as one shared block labelled ""U1- U16, U20- U35"" (ranges U1..U16 and U20..U35; expanded to one line per chip, all 32 chips share these signatures)"
75	5-33	DMEM	U24	1	-		"shared block printed as ""U1- U16, U20- U35"" (one pin list for all 32 chips U1-U16 and U20-U35); expanded per chip; printed as one shared block labelled ""U1- U16, U20- U35"" (ranges U1..U16 and U20..U35; expanded to one line per chip, all 32 chips share these signatures)"
75	5-33	DMEM	U24	2	-		"shared block printed as ""U1- U16, U20- U35"" (one pin list for all 32 chips U1-U16 and U20-U35); expanded per chip; printed as one shared block labelled ""U1- U16, U20- U35"" (ranges U1..U16 and U20..U35; expanded to one line per chip, all 32 chips share these signatures)"
75	5-33	DMEM	U24	3	-		"shared block printed as ""U1- U16, U20- U35"" (one pin list for all 32 chips U1-U16 and U20-U35); expanded per chip; printed as one shared block labelled ""U1- U16, U20- U35"" (ranges U1..U16 and U20..U35; expanded to one line per chip, all 32 chips share these signatures)"
75	5-33	DMEM	U24	4	-		"shared block printed as ""U1- U16, U20- U35"" (one pin list for all 32 chips U1-U16 and U20-U35); expanded per chip; printed as one shared block labelled ""U1- U16, U20- U35"" (ranges U1..U16 and U20..U35; expanded to one line per chip, all 32 chips share these signatures)"
75	5-33	DMEM	U24	5	UH56		"shared block printed as ""U1- U16, U20- U35"" (one pin list for all 32 chips U1-U16 and U20-U35); expanded per chip; printed as one shared block labelled ""U1- U16, U20- U35"" (ranges U1..U16 and U20..U35; expanded to one line per chip, all 32 chips share these signatures)"
75	5-33	DMEM	U24	6	P279		"shared block printed as ""U1- U16, U20- U35"" (one pin list for all 32 chips U1-U16 and U20-U35); expanded per chip; printed as one shared block labelled ""U1- U16, U20- U35"" (ranges U1..U16 and U20..U35; expanded to one line per chip, all 32 chips share these signatures)"
75	5-33	DMEM	U24	7	861U		"shared block printed as ""U1- U16, U20- U35"" (one pin list for all 32 chips U1-U16 and U20-U35); expanded per chip; printed as one shared block labelled ""U1- U16, U20- U35"" (ranges U1..U16 and U20..U35; expanded to one line per chip, all 32 chips share these signatures)"
75	5-33	DMEM	U24	8	-		"shared block printed as ""U1- U16, U20- U35"" (one pin list for all 32 chips U1-U16 and U20-U35); expanded per chip; printed as one shared block labelled ""U1- U16, U20- U35"" (ranges U1..U16 and U20..U35; expanded to one line per chip, all 32 chips share these signatures)"
75	5-33	DMEM	U24	9	-		"shared block printed as ""U1- U16, U20- U35"" (one pin list for all 32 chips U1-U16 and U20-U35); expanded per chip; printed as one shared block labelled ""U1- U16, U20- U35"" (ranges U1..U16 and U20..U35; expanded to one line per chip, all 32 chips share these signatures)"
75	5-33	DMEM	U24	10	44U7		"shared block printed as ""U1- U16, U20- U35"" (one pin list for all 32 chips U1-U16 and U20-U35); expanded per chip; printed as one shared block labelled ""U1- U16, U20- U35"" (ranges U1..U16 and U20..U35; expanded to one line per chip, all 32 chips share these signatures)"
75	5-33	DMEM	U24	11	FU8U		"shared block printed as ""U1- U16, U20- U35"" (one pin list for all 32 chips U1-U16 and U20-U35); expanded per chip; printed as one shared block labelled ""U1- U16, U20- U35"" (ranges U1..U16 and U20..U35; expanded to one line per chip, all 32 chips share these signatures)"
75	5-33	DMEM	U24	12	A6F7		"shared block printed as ""U1- U16, U20- U35"" (one pin list for all 32 chips U1-U16 and U20-U35); expanded per chip; printed as one shared block labelled ""U1- U16, U20- U35"" (ranges U1..U16 and U20..U35; expanded to one line per chip, all 32 chips share these signatures)"
75	5-33	DMEM	U24	13	0AU1		"shared block printed as ""U1- U16, U20- U35"" (one pin list for all 32 chips U1-U16 and U20-U35); expanded per chip; printed as one shared block labelled ""U1- U16, U20- U35"" (ranges U1..U16 and U20..U35; expanded to one line per chip, all 32 chips share these signatures)"
75	5-33	DMEM	U24	14	-		"shared block printed as ""U1- U16, U20- U35"" (one pin list for all 32 chips U1-U16 and U20-U35); expanded per chip; printed as one shared block labelled ""U1- U16, U20- U35"" (ranges U1..U16 and U20..U35; expanded to one line per chip, all 32 chips share these signatures)"
75	5-33	DMEM	U24	15	-		"shared block printed as ""U1- U16, U20- U35"" (one pin list for all 32 chips U1-U16 and U20-U35); expanded per chip; printed as one shared block labelled ""U1- U16, U20- U35"" (ranges U1..U16 and U20..U35; expanded to one line per chip, all 32 chips share these signatures)"
75	5-33	DMEM	U24	16	0000		"shared block printed as ""U1- U16, U20- U35"" (one pin list for all 32 chips U1-U16 and U20-U35); expanded per chip; printed as one shared block labelled ""U1- U16, U20- U35"" (ranges U1..U16 and U20..U35; expanded to one line per chip, all 32 chips share these signatures)"
75	5-33	DMEM	U25	1	-		"shared block printed as ""U1- U16, U20- U35"" (one pin list for all 32 chips U1-U16 and U20-U35); expanded per chip; printed as one shared block labelled ""U1- U16, U20- U35"" (ranges U1..U16 and U20..U35; expanded to one line per chip, all 32 chips share these signatures)"
75	5-33	DMEM	U25	2	-		"shared block printed as ""U1- U16, U20- U35"" (one pin list for all 32 chips U1-U16 and U20-U35); expanded per chip; printed as one shared block labelled ""U1- U16, U20- U35"" (ranges U1..U16 and U20..U35; expanded to one line per chip, all 32 chips share these signatures)"
75	5-33	DMEM	U25	3	-		"shared block printed as ""U1- U16, U20- U35"" (one pin list for all 32 chips U1-U16 and U20-U35); expanded per chip; printed as one shared block labelled ""U1- U16, U20- U35"" (ranges U1..U16 and U20..U35; expanded to one line per chip, all 32 chips share these signatures)"
75	5-33	DMEM	U25	4	-		"shared block printed as ""U1- U16, U20- U35"" (one pin list for all 32 chips U1-U16 and U20-U35); expanded per chip; printed as one shared block labelled ""U1- U16, U20- U35"" (ranges U1..U16 and U20..U35; expanded to one line per chip, all 32 chips share these signatures)"
75	5-33	DMEM	U25	5	UH56		"shared block printed as ""U1- U16, U20- U35"" (one pin list for all 32 chips U1-U16 and U20-U35); expanded per chip; printed as one shared block labelled ""U1- U16, U20- U35"" (ranges U1..U16 and U20..U35; expanded to one line per chip, all 32 chips share these signatures)"
75	5-33	DMEM	U25	6	P279		"shared block printed as ""U1- U16, U20- U35"" (one pin list for all 32 chips U1-U16 and U20-U35); expanded per chip; printed as one shared block labelled ""U1- U16, U20- U35"" (ranges U1..U16 and U20..U35; expanded to one line per chip, all 32 chips share these signatures)"
75	5-33	DMEM	U25	7	861U		"shared block printed as ""U1- U16, U20- U35"" (one pin list for all 32 chips U1-U16 and U20-U35); expanded per chip; printed as one shared block labelled ""U1- U16, U20- U35"" (ranges U1..U16 and U20..U35; expanded to one line per chip, all 32 chips share these signatures)"
75	5-33	DMEM	U25	8	-		"shared block printed as ""U1- U16, U20- U35"" (one pin list for all 32 chips U1-U16 and U20-U35); expanded per chip; printed as one shared block labelled ""U1- U16, U20- U35"" (ranges U1..U16 and U20..U35; expanded to one line per chip, all 32 chips share these signatures)"
75	5-33	DMEM	U25	9	-		"shared block printed as ""U1- U16, U20- U35"" (one pin list for all 32 chips U1-U16 and U20-U35); expanded per chip; printed as one shared block labelled ""U1- U16, U20- U35"" (ranges U1..U16 and U20..U35; expanded to one line per chip, all 32 chips share these signatures)"
75	5-33	DMEM	U25	10	44U7		"shared block printed as ""U1- U16, U20- U35"" (one pin list for all 32 chips U1-U16 and U20-U35); expanded per chip; printed as one shared block labelled ""U1- U16, U20- U35"" (ranges U1..U16 and U20..U35; expanded to one line per chip, all 32 chips share these signatures)"
75	5-33	DMEM	U25	11	FU8U		"shared block printed as ""U1- U16, U20- U35"" (one pin list for all 32 chips U1-U16 and U20-U35); expanded per chip; printed as one shared block labelled ""U1- U16, U20- U35"" (ranges U1..U16 and U20..U35; expanded to one line per chip, all 32 chips share these signatures)"
75	5-33	DMEM	U25	12	A6F7		"shared block printed as ""U1- U16, U20- U35"" (one pin list for all 32 chips U1-U16 and U20-U35); expanded per chip; printed as one shared block labelled ""U1- U16, U20- U35"" (ranges U1..U16 and U20..U35; expanded to one line per chip, all 32 chips share these signatures)"
75	5-33	DMEM	U25	13	0AU1		"shared block printed as ""U1- U16, U20- U35"" (one pin list for all 32 chips U1-U16 and U20-U35); expanded per chip; printed as one shared block labelled ""U1- U16, U20- U35"" (ranges U1..U16 and U20..U35; expanded to one line per chip, all 32 chips share these signatures)"
75	5-33	DMEM	U25	14	-		"shared block printed as ""U1- U16, U20- U35"" (one pin list for all 32 chips U1-U16 and U20-U35); expanded per chip; printed as one shared block labelled ""U1- U16, U20- U35"" (ranges U1..U16 and U20..U35; expanded to one line per chip, all 32 chips share these signatures)"
75	5-33	DMEM	U25	15	-		"shared block printed as ""U1- U16, U20- U35"" (one pin list for all 32 chips U1-U16 and U20-U35); expanded per chip; printed as one shared block labelled ""U1- U16, U20- U35"" (ranges U1..U16 and U20..U35; expanded to one line per chip, all 32 chips share these signatures)"
75	5-33	DMEM	U25	16	0000		"shared block printed as ""U1- U16, U20- U35"" (one pin list for all 32 chips U1-U16 and U20-U35); expanded per chip; printed as one shared block labelled ""U1- U16, U20- U35"" (ranges U1..U16 and U20..U35; expanded to one line per chip, all 32 chips share these signatures)"
75	5-33	DMEM	U26	1	-		"shared block printed as ""U1- U16, U20- U35"" (one pin list for all 32 chips U1-U16 and U20-U35); expanded per chip; printed as one shared block labelled ""U1- U16, U20- U35"" (ranges U1..U16 and U20..U35; expanded to one line per chip, all 32 chips share these signatures)"
75	5-33	DMEM	U26	2	-		"shared block printed as ""U1- U16, U20- U35"" (one pin list for all 32 chips U1-U16 and U20-U35); expanded per chip; printed as one shared block labelled ""U1- U16, U20- U35"" (ranges U1..U16 and U20..U35; expanded to one line per chip, all 32 chips share these signatures)"
75	5-33	DMEM	U26	3	-		"shared block printed as ""U1- U16, U20- U35"" (one pin list for all 32 chips U1-U16 and U20-U35); expanded per chip; printed as one shared block labelled ""U1- U16, U20- U35"" (ranges U1..U16 and U20..U35; expanded to one line per chip, all 32 chips share these signatures)"
75	5-33	DMEM	U26	4	-		"shared block printed as ""U1- U16, U20- U35"" (one pin list for all 32 chips U1-U16 and U20-U35); expanded per chip; printed as one shared block labelled ""U1- U16, U20- U35"" (ranges U1..U16 and U20..U35; expanded to one line per chip, all 32 chips share these signatures)"
75	5-33	DMEM	U26	5	UH56		"shared block printed as ""U1- U16, U20- U35"" (one pin list for all 32 chips U1-U16 and U20-U35); expanded per chip; printed as one shared block labelled ""U1- U16, U20- U35"" (ranges U1..U16 and U20..U35; expanded to one line per chip, all 32 chips share these signatures)"
75	5-33	DMEM	U26	6	P279		"shared block printed as ""U1- U16, U20- U35"" (one pin list for all 32 chips U1-U16 and U20-U35); expanded per chip; printed as one shared block labelled ""U1- U16, U20- U35"" (ranges U1..U16 and U20..U35; expanded to one line per chip, all 32 chips share these signatures)"
75	5-33	DMEM	U26	7	861U		"shared block printed as ""U1- U16, U20- U35"" (one pin list for all 32 chips U1-U16 and U20-U35); expanded per chip; printed as one shared block labelled ""U1- U16, U20- U35"" (ranges U1..U16 and U20..U35; expanded to one line per chip, all 32 chips share these signatures)"
75	5-33	DMEM	U26	8	-		"shared block printed as ""U1- U16, U20- U35"" (one pin list for all 32 chips U1-U16 and U20-U35); expanded per chip; printed as one shared block labelled ""U1- U16, U20- U35"" (ranges U1..U16 and U20..U35; expanded to one line per chip, all 32 chips share these signatures)"
75	5-33	DMEM	U26	9	-		"shared block printed as ""U1- U16, U20- U35"" (one pin list for all 32 chips U1-U16 and U20-U35); expanded per chip; printed as one shared block labelled ""U1- U16, U20- U35"" (ranges U1..U16 and U20..U35; expanded to one line per chip, all 32 chips share these signatures)"
75	5-33	DMEM	U26	10	44U7		"shared block printed as ""U1- U16, U20- U35"" (one pin list for all 32 chips U1-U16 and U20-U35); expanded per chip; printed as one shared block labelled ""U1- U16, U20- U35"" (ranges U1..U16 and U20..U35; expanded to one line per chip, all 32 chips share these signatures)"
75	5-33	DMEM	U26	11	FU8U		"shared block printed as ""U1- U16, U20- U35"" (one pin list for all 32 chips U1-U16 and U20-U35); expanded per chip; printed as one shared block labelled ""U1- U16, U20- U35"" (ranges U1..U16 and U20..U35; expanded to one line per chip, all 32 chips share these signatures)"
75	5-33	DMEM	U26	12	A6F7		"shared block printed as ""U1- U16, U20- U35"" (one pin list for all 32 chips U1-U16 and U20-U35); expanded per chip; printed as one shared block labelled ""U1- U16, U20- U35"" (ranges U1..U16 and U20..U35; expanded to one line per chip, all 32 chips share these signatures)"
75	5-33	DMEM	U26	13	0AU1		"shared block printed as ""U1- U16, U20- U35"" (one pin list for all 32 chips U1-U16 and U20-U35); expanded per chip; printed as one shared block labelled ""U1- U16, U20- U35"" (ranges U1..U16 and U20..U35; expanded to one line per chip, all 32 chips share these signatures)"
75	5-33	DMEM	U26	14	-		"shared block printed as ""U1- U16, U20- U35"" (one pin list for all 32 chips U1-U16 and U20-U35); expanded per chip; printed as one shared block labelled ""U1- U16, U20- U35"" (ranges U1..U16 and U20..U35; expanded to one line per chip, all 32 chips share these signatures)"
75	5-33	DMEM	U26	15	-		"shared block printed as ""U1- U16, U20- U35"" (one pin list for all 32 chips U1-U16 and U20-U35); expanded per chip; printed as one shared block labelled ""U1- U16, U20- U35"" (ranges U1..U16 and U20..U35; expanded to one line per chip, all 32 chips share these signatures)"
75	5-33	DMEM	U26	16	0000		"shared block printed as ""U1- U16, U20- U35"" (one pin list for all 32 chips U1-U16 and U20-U35); expanded per chip; printed as one shared block labelled ""U1- U16, U20- U35"" (ranges U1..U16 and U20..U35; expanded to one line per chip, all 32 chips share these signatures)"
75	5-33	DMEM	U27	1	-		"shared block printed as ""U1- U16, U20- U35"" (one pin list for all 32 chips U1-U16 and U20-U35); expanded per chip; printed as one shared block labelled ""U1- U16, U20- U35"" (ranges U1..U16 and U20..U35; expanded to one line per chip, all 32 chips share these signatures)"
75	5-33	DMEM	U27	2	-		"shared block printed as ""U1- U16, U20- U35"" (one pin list for all 32 chips U1-U16 and U20-U35); expanded per chip; printed as one shared block labelled ""U1- U16, U20- U35"" (ranges U1..U16 and U20..U35; expanded to one line per chip, all 32 chips share these signatures)"
75	5-33	DMEM	U27	3	-		"shared block printed as ""U1- U16, U20- U35"" (one pin list for all 32 chips U1-U16 and U20-U35); expanded per chip; printed as one shared block labelled ""U1- U16, U20- U35"" (ranges U1..U16 and U20..U35; expanded to one line per chip, all 32 chips share these signatures)"
75	5-33	DMEM	U27	4	-		"shared block printed as ""U1- U16, U20- U35"" (one pin list for all 32 chips U1-U16 and U20-U35); expanded per chip; printed as one shared block labelled ""U1- U16, U20- U35"" (ranges U1..U16 and U20..U35; expanded to one line per chip, all 32 chips share these signatures)"
75	5-33	DMEM	U27	5	UH56		"shared block printed as ""U1- U16, U20- U35"" (one pin list for all 32 chips U1-U16 and U20-U35); expanded per chip; printed as one shared block labelled ""U1- U16, U20- U35"" (ranges U1..U16 and U20..U35; expanded to one line per chip, all 32 chips share these signatures)"
75	5-33	DMEM	U27	6	P279		"shared block printed as ""U1- U16, U20- U35"" (one pin list for all 32 chips U1-U16 and U20-U35); expanded per chip; printed as one shared block labelled ""U1- U16, U20- U35"" (ranges U1..U16 and U20..U35; expanded to one line per chip, all 32 chips share these signatures)"
75	5-33	DMEM	U27	7	861U		"shared block printed as ""U1- U16, U20- U35"" (one pin list for all 32 chips U1-U16 and U20-U35); expanded per chip; printed as one shared block labelled ""U1- U16, U20- U35"" (ranges U1..U16 and U20..U35; expanded to one line per chip, all 32 chips share these signatures)"
75	5-33	DMEM	U27	8	-		"shared block printed as ""U1- U16, U20- U35"" (one pin list for all 32 chips U1-U16 and U20-U35); expanded per chip; printed as one shared block labelled ""U1- U16, U20- U35"" (ranges U1..U16 and U20..U35; expanded to one line per chip, all 32 chips share these signatures)"
75	5-33	DMEM	U27	9	-		"shared block printed as ""U1- U16, U20- U35"" (one pin list for all 32 chips U1-U16 and U20-U35); expanded per chip; printed as one shared block labelled ""U1- U16, U20- U35"" (ranges U1..U16 and U20..U35; expanded to one line per chip, all 32 chips share these signatures)"
75	5-33	DMEM	U27	10	44U7		"shared block printed as ""U1- U16, U20- U35"" (one pin list for all 32 chips U1-U16 and U20-U35); expanded per chip; printed as one shared block labelled ""U1- U16, U20- U35"" (ranges U1..U16 and U20..U35; expanded to one line per chip, all 32 chips share these signatures)"
75	5-33	DMEM	U27	11	FU8U		"shared block printed as ""U1- U16, U20- U35"" (one pin list for all 32 chips U1-U16 and U20-U35); expanded per chip; printed as one shared block labelled ""U1- U16, U20- U35"" (ranges U1..U16 and U20..U35; expanded to one line per chip, all 32 chips share these signatures)"
75	5-33	DMEM	U27	12	A6F7		"shared block printed as ""U1- U16, U20- U35"" (one pin list for all 32 chips U1-U16 and U20-U35); expanded per chip; printed as one shared block labelled ""U1- U16, U20- U35"" (ranges U1..U16 and U20..U35; expanded to one line per chip, all 32 chips share these signatures)"
75	5-33	DMEM	U27	13	0AU1		"shared block printed as ""U1- U16, U20- U35"" (one pin list for all 32 chips U1-U16 and U20-U35); expanded per chip; printed as one shared block labelled ""U1- U16, U20- U35"" (ranges U1..U16 and U20..U35; expanded to one line per chip, all 32 chips share these signatures)"
75	5-33	DMEM	U27	14	-		"shared block printed as ""U1- U16, U20- U35"" (one pin list for all 32 chips U1-U16 and U20-U35); expanded per chip; printed as one shared block labelled ""U1- U16, U20- U35"" (ranges U1..U16 and U20..U35; expanded to one line per chip, all 32 chips share these signatures)"
75	5-33	DMEM	U27	15	-		"shared block printed as ""U1- U16, U20- U35"" (one pin list for all 32 chips U1-U16 and U20-U35); expanded per chip; printed as one shared block labelled ""U1- U16, U20- U35"" (ranges U1..U16 and U20..U35; expanded to one line per chip, all 32 chips share these signatures)"
75	5-33	DMEM	U27	16	0000		"shared block printed as ""U1- U16, U20- U35"" (one pin list for all 32 chips U1-U16 and U20-U35); expanded per chip; printed as one shared block labelled ""U1- U16, U20- U35"" (ranges U1..U16 and U20..U35; expanded to one line per chip, all 32 chips share these signatures)"
75	5-33	DMEM	U28	1	-		"shared block printed as ""U1- U16, U20- U35"" (one pin list for all 32 chips U1-U16 and U20-U35); expanded per chip; printed as one shared block labelled ""U1- U16, U20- U35"" (ranges U1..U16 and U20..U35; expanded to one line per chip, all 32 chips share these signatures)"
75	5-33	DMEM	U28	2	-		"shared block printed as ""U1- U16, U20- U35"" (one pin list for all 32 chips U1-U16 and U20-U35); expanded per chip; printed as one shared block labelled ""U1- U16, U20- U35"" (ranges U1..U16 and U20..U35; expanded to one line per chip, all 32 chips share these signatures)"
75	5-33	DMEM	U28	3	-		"shared block printed as ""U1- U16, U20- U35"" (one pin list for all 32 chips U1-U16 and U20-U35); expanded per chip; printed as one shared block labelled ""U1- U16, U20- U35"" (ranges U1..U16 and U20..U35; expanded to one line per chip, all 32 chips share these signatures)"
75	5-33	DMEM	U28	4	-		"shared block printed as ""U1- U16, U20- U35"" (one pin list for all 32 chips U1-U16 and U20-U35); expanded per chip; printed as one shared block labelled ""U1- U16, U20- U35"" (ranges U1..U16 and U20..U35; expanded to one line per chip, all 32 chips share these signatures)"
75	5-33	DMEM	U28	5	UH56		"shared block printed as ""U1- U16, U20- U35"" (one pin list for all 32 chips U1-U16 and U20-U35); expanded per chip; printed as one shared block labelled ""U1- U16, U20- U35"" (ranges U1..U16 and U20..U35; expanded to one line per chip, all 32 chips share these signatures)"
75	5-33	DMEM	U28	6	P279		"shared block printed as ""U1- U16, U20- U35"" (one pin list for all 32 chips U1-U16 and U20-U35); expanded per chip; printed as one shared block labelled ""U1- U16, U20- U35"" (ranges U1..U16 and U20..U35; expanded to one line per chip, all 32 chips share these signatures)"
75	5-33	DMEM	U28	7	861U		"shared block printed as ""U1- U16, U20- U35"" (one pin list for all 32 chips U1-U16 and U20-U35); expanded per chip; printed as one shared block labelled ""U1- U16, U20- U35"" (ranges U1..U16 and U20..U35; expanded to one line per chip, all 32 chips share these signatures)"
75	5-33	DMEM	U28	8	-		"shared block printed as ""U1- U16, U20- U35"" (one pin list for all 32 chips U1-U16 and U20-U35); expanded per chip; printed as one shared block labelled ""U1- U16, U20- U35"" (ranges U1..U16 and U20..U35; expanded to one line per chip, all 32 chips share these signatures)"
75	5-33	DMEM	U28	9	-		"shared block printed as ""U1- U16, U20- U35"" (one pin list for all 32 chips U1-U16 and U20-U35); expanded per chip; printed as one shared block labelled ""U1- U16, U20- U35"" (ranges U1..U16 and U20..U35; expanded to one line per chip, all 32 chips share these signatures)"
75	5-33	DMEM	U28	10	44U7		"shared block printed as ""U1- U16, U20- U35"" (one pin list for all 32 chips U1-U16 and U20-U35); expanded per chip; printed as one shared block labelled ""U1- U16, U20- U35"" (ranges U1..U16 and U20..U35; expanded to one line per chip, all 32 chips share these signatures)"
75	5-33	DMEM	U28	11	FU8U		"shared block printed as ""U1- U16, U20- U35"" (one pin list for all 32 chips U1-U16 and U20-U35); expanded per chip; printed as one shared block labelled ""U1- U16, U20- U35"" (ranges U1..U16 and U20..U35; expanded to one line per chip, all 32 chips share these signatures)"
75	5-33	DMEM	U28	12	A6F7		"shared block printed as ""U1- U16, U20- U35"" (one pin list for all 32 chips U1-U16 and U20-U35); expanded per chip; printed as one shared block labelled ""U1- U16, U20- U35"" (ranges U1..U16 and U20..U35; expanded to one line per chip, all 32 chips share these signatures)"
75	5-33	DMEM	U28	13	0AU1		"shared block printed as ""U1- U16, U20- U35"" (one pin list for all 32 chips U1-U16 and U20-U35); expanded per chip; printed as one shared block labelled ""U1- U16, U20- U35"" (ranges U1..U16 and U20..U35; expanded to one line per chip, all 32 chips share these signatures)"
75	5-33	DMEM	U28	14	-		"shared block printed as ""U1- U16, U20- U35"" (one pin list for all 32 chips U1-U16 and U20-U35); expanded per chip; printed as one shared block labelled ""U1- U16, U20- U35"" (ranges U1..U16 and U20..U35; expanded to one line per chip, all 32 chips share these signatures)"
75	5-33	DMEM	U28	15	-		"shared block printed as ""U1- U16, U20- U35"" (one pin list for all 32 chips U1-U16 and U20-U35); expanded per chip; printed as one shared block labelled ""U1- U16, U20- U35"" (ranges U1..U16 and U20..U35; expanded to one line per chip, all 32 chips share these signatures)"
75	5-33	DMEM	U28	16	0000		"shared block printed as ""U1- U16, U20- U35"" (one pin list for all 32 chips U1-U16 and U20-U35); expanded per chip; printed as one shared block labelled ""U1- U16, U20- U35"" (ranges U1..U16 and U20..U35; expanded to one line per chip, all 32 chips share these signatures)"
75	5-33	DMEM	U29	1	-		"shared block printed as ""U1- U16, U20- U35"" (one pin list for all 32 chips U1-U16 and U20-U35); expanded per chip; printed as one shared block labelled ""U1- U16, U20- U35"" (ranges U1..U16 and U20..U35; expanded to one line per chip, all 32 chips share these signatures)"
75	5-33	DMEM	U29	2	-		"shared block printed as ""U1- U16, U20- U35"" (one pin list for all 32 chips U1-U16 and U20-U35); expanded per chip; printed as one shared block labelled ""U1- U16, U20- U35"" (ranges U1..U16 and U20..U35; expanded to one line per chip, all 32 chips share these signatures)"
75	5-33	DMEM	U29	3	-		"shared block printed as ""U1- U16, U20- U35"" (one pin list for all 32 chips U1-U16 and U20-U35); expanded per chip; printed as one shared block labelled ""U1- U16, U20- U35"" (ranges U1..U16 and U20..U35; expanded to one line per chip, all 32 chips share these signatures)"
75	5-33	DMEM	U29	4	-		"shared block printed as ""U1- U16, U20- U35"" (one pin list for all 32 chips U1-U16 and U20-U35); expanded per chip; printed as one shared block labelled ""U1- U16, U20- U35"" (ranges U1..U16 and U20..U35; expanded to one line per chip, all 32 chips share these signatures)"
75	5-33	DMEM	U29	5	UH56		"shared block printed as ""U1- U16, U20- U35"" (one pin list for all 32 chips U1-U16 and U20-U35); expanded per chip; printed as one shared block labelled ""U1- U16, U20- U35"" (ranges U1..U16 and U20..U35; expanded to one line per chip, all 32 chips share these signatures)"
75	5-33	DMEM	U29	6	P279		"shared block printed as ""U1- U16, U20- U35"" (one pin list for all 32 chips U1-U16 and U20-U35); expanded per chip; printed as one shared block labelled ""U1- U16, U20- U35"" (ranges U1..U16 and U20..U35; expanded to one line per chip, all 32 chips share these signatures)"
75	5-33	DMEM	U29	7	861U		"shared block printed as ""U1- U16, U20- U35"" (one pin list for all 32 chips U1-U16 and U20-U35); expanded per chip; printed as one shared block labelled ""U1- U16, U20- U35"" (ranges U1..U16 and U20..U35; expanded to one line per chip, all 32 chips share these signatures)"
75	5-33	DMEM	U29	8	-		"shared block printed as ""U1- U16, U20- U35"" (one pin list for all 32 chips U1-U16 and U20-U35); expanded per chip; printed as one shared block labelled ""U1- U16, U20- U35"" (ranges U1..U16 and U20..U35; expanded to one line per chip, all 32 chips share these signatures)"
75	5-33	DMEM	U29	9	-		"shared block printed as ""U1- U16, U20- U35"" (one pin list for all 32 chips U1-U16 and U20-U35); expanded per chip; printed as one shared block labelled ""U1- U16, U20- U35"" (ranges U1..U16 and U20..U35; expanded to one line per chip, all 32 chips share these signatures)"
75	5-33	DMEM	U29	10	44U7		"shared block printed as ""U1- U16, U20- U35"" (one pin list for all 32 chips U1-U16 and U20-U35); expanded per chip; printed as one shared block labelled ""U1- U16, U20- U35"" (ranges U1..U16 and U20..U35; expanded to one line per chip, all 32 chips share these signatures)"
75	5-33	DMEM	U29	11	FU8U		"shared block printed as ""U1- U16, U20- U35"" (one pin list for all 32 chips U1-U16 and U20-U35); expanded per chip; printed as one shared block labelled ""U1- U16, U20- U35"" (ranges U1..U16 and U20..U35; expanded to one line per chip, all 32 chips share these signatures)"
75	5-33	DMEM	U29	12	A6F7		"shared block printed as ""U1- U16, U20- U35"" (one pin list for all 32 chips U1-U16 and U20-U35); expanded per chip; printed as one shared block labelled ""U1- U16, U20- U35"" (ranges U1..U16 and U20..U35; expanded to one line per chip, all 32 chips share these signatures)"
75	5-33	DMEM	U29	13	0AU1		"shared block printed as ""U1- U16, U20- U35"" (one pin list for all 32 chips U1-U16 and U20-U35); expanded per chip; printed as one shared block labelled ""U1- U16, U20- U35"" (ranges U1..U16 and U20..U35; expanded to one line per chip, all 32 chips share these signatures)"
75	5-33	DMEM	U29	14	-		"shared block printed as ""U1- U16, U20- U35"" (one pin list for all 32 chips U1-U16 and U20-U35); expanded per chip; printed as one shared block labelled ""U1- U16, U20- U35"" (ranges U1..U16 and U20..U35; expanded to one line per chip, all 32 chips share these signatures)"
75	5-33	DMEM	U29	15	-		"shared block printed as ""U1- U16, U20- U35"" (one pin list for all 32 chips U1-U16 and U20-U35); expanded per chip; printed as one shared block labelled ""U1- U16, U20- U35"" (ranges U1..U16 and U20..U35; expanded to one line per chip, all 32 chips share these signatures)"
75	5-33	DMEM	U29	16	0000		"shared block printed as ""U1- U16, U20- U35"" (one pin list for all 32 chips U1-U16 and U20-U35); expanded per chip; printed as one shared block labelled ""U1- U16, U20- U35"" (ranges U1..U16 and U20..U35; expanded to one line per chip, all 32 chips share these signatures)"
75	5-33	DMEM	U30	1	-		"shared block printed as ""U1- U16, U20- U35"" (one pin list for all 32 chips U1-U16 and U20-U35); expanded per chip; printed as one shared block labelled ""U1- U16, U20- U35"" (ranges U1..U16 and U20..U35; expanded to one line per chip, all 32 chips share these signatures)"
75	5-33	DMEM	U30	2	-		"shared block printed as ""U1- U16, U20- U35"" (one pin list for all 32 chips U1-U16 and U20-U35); expanded per chip; printed as one shared block labelled ""U1- U16, U20- U35"" (ranges U1..U16 and U20..U35; expanded to one line per chip, all 32 chips share these signatures)"
75	5-33	DMEM	U30	3	-		"shared block printed as ""U1- U16, U20- U35"" (one pin list for all 32 chips U1-U16 and U20-U35); expanded per chip; printed as one shared block labelled ""U1- U16, U20- U35"" (ranges U1..U16 and U20..U35; expanded to one line per chip, all 32 chips share these signatures)"
75	5-33	DMEM	U30	4	-		"shared block printed as ""U1- U16, U20- U35"" (one pin list for all 32 chips U1-U16 and U20-U35); expanded per chip; printed as one shared block labelled ""U1- U16, U20- U35"" (ranges U1..U16 and U20..U35; expanded to one line per chip, all 32 chips share these signatures)"
75	5-33	DMEM	U30	5	UH56		"shared block printed as ""U1- U16, U20- U35"" (one pin list for all 32 chips U1-U16 and U20-U35); expanded per chip; printed as one shared block labelled ""U1- U16, U20- U35"" (ranges U1..U16 and U20..U35; expanded to one line per chip, all 32 chips share these signatures)"
75	5-33	DMEM	U30	6	P279		"shared block printed as ""U1- U16, U20- U35"" (one pin list for all 32 chips U1-U16 and U20-U35); expanded per chip; printed as one shared block labelled ""U1- U16, U20- U35"" (ranges U1..U16 and U20..U35; expanded to one line per chip, all 32 chips share these signatures)"
75	5-33	DMEM	U30	7	861U		"shared block printed as ""U1- U16, U20- U35"" (one pin list for all 32 chips U1-U16 and U20-U35); expanded per chip; printed as one shared block labelled ""U1- U16, U20- U35"" (ranges U1..U16 and U20..U35; expanded to one line per chip, all 32 chips share these signatures)"
75	5-33	DMEM	U30	8	-		"shared block printed as ""U1- U16, U20- U35"" (one pin list for all 32 chips U1-U16 and U20-U35); expanded per chip; printed as one shared block labelled ""U1- U16, U20- U35"" (ranges U1..U16 and U20..U35; expanded to one line per chip, all 32 chips share these signatures)"
75	5-33	DMEM	U30	9	-		"shared block printed as ""U1- U16, U20- U35"" (one pin list for all 32 chips U1-U16 and U20-U35); expanded per chip; printed as one shared block labelled ""U1- U16, U20- U35"" (ranges U1..U16 and U20..U35; expanded to one line per chip, all 32 chips share these signatures)"
75	5-33	DMEM	U30	10	44U7		"shared block printed as ""U1- U16, U20- U35"" (one pin list for all 32 chips U1-U16 and U20-U35); expanded per chip; printed as one shared block labelled ""U1- U16, U20- U35"" (ranges U1..U16 and U20..U35; expanded to one line per chip, all 32 chips share these signatures)"
75	5-33	DMEM	U30	11	FU8U		"shared block printed as ""U1- U16, U20- U35"" (one pin list for all 32 chips U1-U16 and U20-U35); expanded per chip; printed as one shared block labelled ""U1- U16, U20- U35"" (ranges U1..U16 and U20..U35; expanded to one line per chip, all 32 chips share these signatures)"
75	5-33	DMEM	U30	12	A6F7		"shared block printed as ""U1- U16, U20- U35"" (one pin list for all 32 chips U1-U16 and U20-U35); expanded per chip; printed as one shared block labelled ""U1- U16, U20- U35"" (ranges U1..U16 and U20..U35; expanded to one line per chip, all 32 chips share these signatures)"
75	5-33	DMEM	U30	13	0AU1		"shared block printed as ""U1- U16, U20- U35"" (one pin list for all 32 chips U1-U16 and U20-U35); expanded per chip; printed as one shared block labelled ""U1- U16, U20- U35"" (ranges U1..U16 and U20..U35; expanded to one line per chip, all 32 chips share these signatures)"
75	5-33	DMEM	U30	14	-		"shared block printed as ""U1- U16, U20- U35"" (one pin list for all 32 chips U1-U16 and U20-U35); expanded per chip; printed as one shared block labelled ""U1- U16, U20- U35"" (ranges U1..U16 and U20..U35; expanded to one line per chip, all 32 chips share these signatures)"
75	5-33	DMEM	U30	15	-		"shared block printed as ""U1- U16, U20- U35"" (one pin list for all 32 chips U1-U16 and U20-U35); expanded per chip; printed as one shared block labelled ""U1- U16, U20- U35"" (ranges U1..U16 and U20..U35; expanded to one line per chip, all 32 chips share these signatures)"
75	5-33	DMEM	U30	16	0000		"shared block printed as ""U1- U16, U20- U35"" (one pin list for all 32 chips U1-U16 and U20-U35); expanded per chip; printed as one shared block labelled ""U1- U16, U20- U35"" (ranges U1..U16 and U20..U35; expanded to one line per chip, all 32 chips share these signatures)"
75	5-33	DMEM	U31	1	-		"shared block printed as ""U1- U16, U20- U35"" (one pin list for all 32 chips U1-U16 and U20-U35); expanded per chip; printed as one shared block labelled ""U1- U16, U20- U35"" (ranges U1..U16 and U20..U35; expanded to one line per chip, all 32 chips share these signatures)"
75	5-33	DMEM	U31	2	-		"shared block printed as ""U1- U16, U20- U35"" (one pin list for all 32 chips U1-U16 and U20-U35); expanded per chip; printed as one shared block labelled ""U1- U16, U20- U35"" (ranges U1..U16 and U20..U35; expanded to one line per chip, all 32 chips share these signatures)"
75	5-33	DMEM	U31	3	-		"shared block printed as ""U1- U16, U20- U35"" (one pin list for all 32 chips U1-U16 and U20-U35); expanded per chip; printed as one shared block labelled ""U1- U16, U20- U35"" (ranges U1..U16 and U20..U35; expanded to one line per chip, all 32 chips share these signatures)"
75	5-33	DMEM	U31	4	-		"shared block printed as ""U1- U16, U20- U35"" (one pin list for all 32 chips U1-U16 and U20-U35); expanded per chip; printed as one shared block labelled ""U1- U16, U20- U35"" (ranges U1..U16 and U20..U35; expanded to one line per chip, all 32 chips share these signatures)"
75	5-33	DMEM	U31	5	UH56		"shared block printed as ""U1- U16, U20- U35"" (one pin list for all 32 chips U1-U16 and U20-U35); expanded per chip; printed as one shared block labelled ""U1- U16, U20- U35"" (ranges U1..U16 and U20..U35; expanded to one line per chip, all 32 chips share these signatures)"
75	5-33	DMEM	U31	6	P279		"shared block printed as ""U1- U16, U20- U35"" (one pin list for all 32 chips U1-U16 and U20-U35); expanded per chip; printed as one shared block labelled ""U1- U16, U20- U35"" (ranges U1..U16 and U20..U35; expanded to one line per chip, all 32 chips share these signatures)"
75	5-33	DMEM	U31	7	861U		"shared block printed as ""U1- U16, U20- U35"" (one pin list for all 32 chips U1-U16 and U20-U35); expanded per chip; printed as one shared block labelled ""U1- U16, U20- U35"" (ranges U1..U16 and U20..U35; expanded to one line per chip, all 32 chips share these signatures)"
75	5-33	DMEM	U31	8	-		"shared block printed as ""U1- U16, U20- U35"" (one pin list for all 32 chips U1-U16 and U20-U35); expanded per chip; printed as one shared block labelled ""U1- U16, U20- U35"" (ranges U1..U16 and U20..U35; expanded to one line per chip, all 32 chips share these signatures)"
75	5-33	DMEM	U31	9	-		"shared block printed as ""U1- U16, U20- U35"" (one pin list for all 32 chips U1-U16 and U20-U35); expanded per chip; printed as one shared block labelled ""U1- U16, U20- U35"" (ranges U1..U16 and U20..U35; expanded to one line per chip, all 32 chips share these signatures)"
75	5-33	DMEM	U31	10	44U7		"shared block printed as ""U1- U16, U20- U35"" (one pin list for all 32 chips U1-U16 and U20-U35); expanded per chip; printed as one shared block labelled ""U1- U16, U20- U35"" (ranges U1..U16 and U20..U35; expanded to one line per chip, all 32 chips share these signatures)"
75	5-33	DMEM	U31	11	FU8U		"shared block printed as ""U1- U16, U20- U35"" (one pin list for all 32 chips U1-U16 and U20-U35); expanded per chip; printed as one shared block labelled ""U1- U16, U20- U35"" (ranges U1..U16 and U20..U35; expanded to one line per chip, all 32 chips share these signatures)"
75	5-33	DMEM	U31	12	A6F7		"shared block printed as ""U1- U16, U20- U35"" (one pin list for all 32 chips U1-U16 and U20-U35); expanded per chip; printed as one shared block labelled ""U1- U16, U20- U35"" (ranges U1..U16 and U20..U35; expanded to one line per chip, all 32 chips share these signatures)"
75	5-33	DMEM	U31	13	0AU1		"shared block printed as ""U1- U16, U20- U35"" (one pin list for all 32 chips U1-U16 and U20-U35); expanded per chip; printed as one shared block labelled ""U1- U16, U20- U35"" (ranges U1..U16 and U20..U35; expanded to one line per chip, all 32 chips share these signatures)"
75	5-33	DMEM	U31	14	-		"shared block printed as ""U1- U16, U20- U35"" (one pin list for all 32 chips U1-U16 and U20-U35); expanded per chip; printed as one shared block labelled ""U1- U16, U20- U35"" (ranges U1..U16 and U20..U35; expanded to one line per chip, all 32 chips share these signatures)"
75	5-33	DMEM	U31	15	-		"shared block printed as ""U1- U16, U20- U35"" (one pin list for all 32 chips U1-U16 and U20-U35); expanded per chip; printed as one shared block labelled ""U1- U16, U20- U35"" (ranges U1..U16 and U20..U35; expanded to one line per chip, all 32 chips share these signatures)"
75	5-33	DMEM	U31	16	0000		"shared block printed as ""U1- U16, U20- U35"" (one pin list for all 32 chips U1-U16 and U20-U35); expanded per chip; printed as one shared block labelled ""U1- U16, U20- U35"" (ranges U1..U16 and U20..U35; expanded to one line per chip, all 32 chips share these signatures)"
75	5-33	DMEM	U32	1	-		"shared block printed as ""U1- U16, U20- U35"" (one pin list for all 32 chips U1-U16 and U20-U35); expanded per chip; printed as one shared block labelled ""U1- U16, U20- U35"" (ranges U1..U16 and U20..U35; expanded to one line per chip, all 32 chips share these signatures)"
75	5-33	DMEM	U32	2	-		"shared block printed as ""U1- U16, U20- U35"" (one pin list for all 32 chips U1-U16 and U20-U35); expanded per chip; printed as one shared block labelled ""U1- U16, U20- U35"" (ranges U1..U16 and U20..U35; expanded to one line per chip, all 32 chips share these signatures)"
75	5-33	DMEM	U32	3	-		"shared block printed as ""U1- U16, U20- U35"" (one pin list for all 32 chips U1-U16 and U20-U35); expanded per chip; printed as one shared block labelled ""U1- U16, U20- U35"" (ranges U1..U16 and U20..U35; expanded to one line per chip, all 32 chips share these signatures)"
75	5-33	DMEM	U32	4	-		"shared block printed as ""U1- U16, U20- U35"" (one pin list for all 32 chips U1-U16 and U20-U35); expanded per chip; printed as one shared block labelled ""U1- U16, U20- U35"" (ranges U1..U16 and U20..U35; expanded to one line per chip, all 32 chips share these signatures)"
75	5-33	DMEM	U32	5	UH56		"shared block printed as ""U1- U16, U20- U35"" (one pin list for all 32 chips U1-U16 and U20-U35); expanded per chip; printed as one shared block labelled ""U1- U16, U20- U35"" (ranges U1..U16 and U20..U35; expanded to one line per chip, all 32 chips share these signatures)"
75	5-33	DMEM	U32	6	P279		"shared block printed as ""U1- U16, U20- U35"" (one pin list for all 32 chips U1-U16 and U20-U35); expanded per chip; printed as one shared block labelled ""U1- U16, U20- U35"" (ranges U1..U16 and U20..U35; expanded to one line per chip, all 32 chips share these signatures)"
75	5-33	DMEM	U32	7	861U		"shared block printed as ""U1- U16, U20- U35"" (one pin list for all 32 chips U1-U16 and U20-U35); expanded per chip; printed as one shared block labelled ""U1- U16, U20- U35"" (ranges U1..U16 and U20..U35; expanded to one line per chip, all 32 chips share these signatures)"
75	5-33	DMEM	U32	8	-		"shared block printed as ""U1- U16, U20- U35"" (one pin list for all 32 chips U1-U16 and U20-U35); expanded per chip; printed as one shared block labelled ""U1- U16, U20- U35"" (ranges U1..U16 and U20..U35; expanded to one line per chip, all 32 chips share these signatures)"
75	5-33	DMEM	U32	9	-		"shared block printed as ""U1- U16, U20- U35"" (one pin list for all 32 chips U1-U16 and U20-U35); expanded per chip; printed as one shared block labelled ""U1- U16, U20- U35"" (ranges U1..U16 and U20..U35; expanded to one line per chip, all 32 chips share these signatures)"
75	5-33	DMEM	U32	10	44U7		"shared block printed as ""U1- U16, U20- U35"" (one pin list for all 32 chips U1-U16 and U20-U35); expanded per chip; printed as one shared block labelled ""U1- U16, U20- U35"" (ranges U1..U16 and U20..U35; expanded to one line per chip, all 32 chips share these signatures)"
75	5-33	DMEM	U32	11	FU8U		"shared block printed as ""U1- U16, U20- U35"" (one pin list for all 32 chips U1-U16 and U20-U35); expanded per chip; printed as one shared block labelled ""U1- U16, U20- U35"" (ranges U1..U16 and U20..U35; expanded to one line per chip, all 32 chips share these signatures)"
75	5-33	DMEM	U32	12	A6F7		"shared block printed as ""U1- U16, U20- U35"" (one pin list for all 32 chips U1-U16 and U20-U35); expanded per chip; printed as one shared block labelled ""U1- U16, U20- U35"" (ranges U1..U16 and U20..U35; expanded to one line per chip, all 32 chips share these signatures)"
75	5-33	DMEM	U32	13	0AU1		"shared block printed as ""U1- U16, U20- U35"" (one pin list for all 32 chips U1-U16 and U20-U35); expanded per chip; printed as one shared block labelled ""U1- U16, U20- U35"" (ranges U1..U16 and U20..U35; expanded to one line per chip, all 32 chips share these signatures)"
75	5-33	DMEM	U32	14	-		"shared block printed as ""U1- U16, U20- U35"" (one pin list for all 32 chips U1-U16 and U20-U35); expanded per chip; printed as one shared block labelled ""U1- U16, U20- U35"" (ranges U1..U16 and U20..U35; expanded to one line per chip, all 32 chips share these signatures)"
75	5-33	DMEM	U32	15	-		"shared block printed as ""U1- U16, U20- U35"" (one pin list for all 32 chips U1-U16 and U20-U35); expanded per chip; printed as one shared block labelled ""U1- U16, U20- U35"" (ranges U1..U16 and U20..U35; expanded to one line per chip, all 32 chips share these signatures)"
75	5-33	DMEM	U32	16	0000		"shared block printed as ""U1- U16, U20- U35"" (one pin list for all 32 chips U1-U16 and U20-U35); expanded per chip; printed as one shared block labelled ""U1- U16, U20- U35"" (ranges U1..U16 and U20..U35; expanded to one line per chip, all 32 chips share these signatures)"
75	5-33	DMEM	U33	1	-		"shared block printed as ""U1- U16, U20- U35"" (one pin list for all 32 chips U1-U16 and U20-U35); expanded per chip; printed as one shared block labelled ""U1- U16, U20- U35"" (ranges U1..U16 and U20..U35; expanded to one line per chip, all 32 chips share these signatures)"
75	5-33	DMEM	U33	2	-		"shared block printed as ""U1- U16, U20- U35"" (one pin list for all 32 chips U1-U16 and U20-U35); expanded per chip; printed as one shared block labelled ""U1- U16, U20- U35"" (ranges U1..U16 and U20..U35; expanded to one line per chip, all 32 chips share these signatures)"
75	5-33	DMEM	U33	3	-		"shared block printed as ""U1- U16, U20- U35"" (one pin list for all 32 chips U1-U16 and U20-U35); expanded per chip; printed as one shared block labelled ""U1- U16, U20- U35"" (ranges U1..U16 and U20..U35; expanded to one line per chip, all 32 chips share these signatures)"
75	5-33	DMEM	U33	4	-		"shared block printed as ""U1- U16, U20- U35"" (one pin list for all 32 chips U1-U16 and U20-U35); expanded per chip; printed as one shared block labelled ""U1- U16, U20- U35"" (ranges U1..U16 and U20..U35; expanded to one line per chip, all 32 chips share these signatures)"
75	5-33	DMEM	U33	5	UH56		"shared block printed as ""U1- U16, U20- U35"" (one pin list for all 32 chips U1-U16 and U20-U35); expanded per chip; printed as one shared block labelled ""U1- U16, U20- U35"" (ranges U1..U16 and U20..U35; expanded to one line per chip, all 32 chips share these signatures)"
75	5-33	DMEM	U33	6	P279		"shared block printed as ""U1- U16, U20- U35"" (one pin list for all 32 chips U1-U16 and U20-U35); expanded per chip; printed as one shared block labelled ""U1- U16, U20- U35"" (ranges U1..U16 and U20..U35; expanded to one line per chip, all 32 chips share these signatures)"
75	5-33	DMEM	U33	7	861U		"shared block printed as ""U1- U16, U20- U35"" (one pin list for all 32 chips U1-U16 and U20-U35); expanded per chip; printed as one shared block labelled ""U1- U16, U20- U35"" (ranges U1..U16 and U20..U35; expanded to one line per chip, all 32 chips share these signatures)"
75	5-33	DMEM	U33	8	-		"shared block printed as ""U1- U16, U20- U35"" (one pin list for all 32 chips U1-U16 and U20-U35); expanded per chip; printed as one shared block labelled ""U1- U16, U20- U35"" (ranges U1..U16 and U20..U35; expanded to one line per chip, all 32 chips share these signatures)"
75	5-33	DMEM	U33	9	-		"shared block printed as ""U1- U16, U20- U35"" (one pin list for all 32 chips U1-U16 and U20-U35); expanded per chip; printed as one shared block labelled ""U1- U16, U20- U35"" (ranges U1..U16 and U20..U35; expanded to one line per chip, all 32 chips share these signatures)"
75	5-33	DMEM	U33	10	44U7		"shared block printed as ""U1- U16, U20- U35"" (one pin list for all 32 chips U1-U16 and U20-U35); expanded per chip; printed as one shared block labelled ""U1- U16, U20- U35"" (ranges U1..U16 and U20..U35; expanded to one line per chip, all 32 chips share these signatures)"
75	5-33	DMEM	U33	11	FU8U		"shared block printed as ""U1- U16, U20- U35"" (one pin list for all 32 chips U1-U16 and U20-U35); expanded per chip; printed as one shared block labelled ""U1- U16, U20- U35"" (ranges U1..U16 and U20..U35; expanded to one line per chip, all 32 chips share these signatures)"
75	5-33	DMEM	U33	12	A6F7		"shared block printed as ""U1- U16, U20- U35"" (one pin list for all 32 chips U1-U16 and U20-U35); expanded per chip; printed as one shared block labelled ""U1- U16, U20- U35"" (ranges U1..U16 and U20..U35; expanded to one line per chip, all 32 chips share these signatures)"
75	5-33	DMEM	U33	13	0AU1		"shared block printed as ""U1- U16, U20- U35"" (one pin list for all 32 chips U1-U16 and U20-U35); expanded per chip; printed as one shared block labelled ""U1- U16, U20- U35"" (ranges U1..U16 and U20..U35; expanded to one line per chip, all 32 chips share these signatures)"
75	5-33	DMEM	U33	14	-		"shared block printed as ""U1- U16, U20- U35"" (one pin list for all 32 chips U1-U16 and U20-U35); expanded per chip; printed as one shared block labelled ""U1- U16, U20- U35"" (ranges U1..U16 and U20..U35; expanded to one line per chip, all 32 chips share these signatures)"
75	5-33	DMEM	U33	15	-		"shared block printed as ""U1- U16, U20- U35"" (one pin list for all 32 chips U1-U16 and U20-U35); expanded per chip; printed as one shared block labelled ""U1- U16, U20- U35"" (ranges U1..U16 and U20..U35; expanded to one line per chip, all 32 chips share these signatures)"
75	5-33	DMEM	U33	16	0000		"shared block printed as ""U1- U16, U20- U35"" (one pin list for all 32 chips U1-U16 and U20-U35); expanded per chip; printed as one shared block labelled ""U1- U16, U20- U35"" (ranges U1..U16 and U20..U35; expanded to one line per chip, all 32 chips share these signatures)"
75	5-33	DMEM	U34	1	-		"shared block printed as ""U1- U16, U20- U35"" (one pin list for all 32 chips U1-U16 and U20-U35); expanded per chip; printed as one shared block labelled ""U1- U16, U20- U35"" (ranges U1..U16 and U20..U35; expanded to one line per chip, all 32 chips share these signatures)"
75	5-33	DMEM	U34	2	-		"shared block printed as ""U1- U16, U20- U35"" (one pin list for all 32 chips U1-U16 and U20-U35); expanded per chip; printed as one shared block labelled ""U1- U16, U20- U35"" (ranges U1..U16 and U20..U35; expanded to one line per chip, all 32 chips share these signatures)"
75	5-33	DMEM	U34	3	-		"shared block printed as ""U1- U16, U20- U35"" (one pin list for all 32 chips U1-U16 and U20-U35); expanded per chip; printed as one shared block labelled ""U1- U16, U20- U35"" (ranges U1..U16 and U20..U35; expanded to one line per chip, all 32 chips share these signatures)"
75	5-33	DMEM	U34	4	-		"shared block printed as ""U1- U16, U20- U35"" (one pin list for all 32 chips U1-U16 and U20-U35); expanded per chip; printed as one shared block labelled ""U1- U16, U20- U35"" (ranges U1..U16 and U20..U35; expanded to one line per chip, all 32 chips share these signatures)"
75	5-33	DMEM	U34	5	UH56		"shared block printed as ""U1- U16, U20- U35"" (one pin list for all 32 chips U1-U16 and U20-U35); expanded per chip; printed as one shared block labelled ""U1- U16, U20- U35"" (ranges U1..U16 and U20..U35; expanded to one line per chip, all 32 chips share these signatures)"
75	5-33	DMEM	U34	6	P279		"shared block printed as ""U1- U16, U20- U35"" (one pin list for all 32 chips U1-U16 and U20-U35); expanded per chip; printed as one shared block labelled ""U1- U16, U20- U35"" (ranges U1..U16 and U20..U35; expanded to one line per chip, all 32 chips share these signatures)"
75	5-33	DMEM	U34	7	861U		"shared block printed as ""U1- U16, U20- U35"" (one pin list for all 32 chips U1-U16 and U20-U35); expanded per chip; printed as one shared block labelled ""U1- U16, U20- U35"" (ranges U1..U16 and U20..U35; expanded to one line per chip, all 32 chips share these signatures)"
75	5-33	DMEM	U34	8	-		"shared block printed as ""U1- U16, U20- U35"" (one pin list for all 32 chips U1-U16 and U20-U35); expanded per chip; printed as one shared block labelled ""U1- U16, U20- U35"" (ranges U1..U16 and U20..U35; expanded to one line per chip, all 32 chips share these signatures)"
75	5-33	DMEM	U34	9	-		"shared block printed as ""U1- U16, U20- U35"" (one pin list for all 32 chips U1-U16 and U20-U35); expanded per chip; printed as one shared block labelled ""U1- U16, U20- U35"" (ranges U1..U16 and U20..U35; expanded to one line per chip, all 32 chips share these signatures)"
75	5-33	DMEM	U34	10	44U7		"shared block printed as ""U1- U16, U20- U35"" (one pin list for all 32 chips U1-U16 and U20-U35); expanded per chip; printed as one shared block labelled ""U1- U16, U20- U35"" (ranges U1..U16 and U20..U35; expanded to one line per chip, all 32 chips share these signatures)"
75	5-33	DMEM	U34	11	FU8U		"shared block printed as ""U1- U16, U20- U35"" (one pin list for all 32 chips U1-U16 and U20-U35); expanded per chip; printed as one shared block labelled ""U1- U16, U20- U35"" (ranges U1..U16 and U20..U35; expanded to one line per chip, all 32 chips share these signatures)"
75	5-33	DMEM	U34	12	A6F7		"shared block printed as ""U1- U16, U20- U35"" (one pin list for all 32 chips U1-U16 and U20-U35); expanded per chip; printed as one shared block labelled ""U1- U16, U20- U35"" (ranges U1..U16 and U20..U35; expanded to one line per chip, all 32 chips share these signatures)"
75	5-33	DMEM	U34	13	0AU1		"shared block printed as ""U1- U16, U20- U35"" (one pin list for all 32 chips U1-U16 and U20-U35); expanded per chip; printed as one shared block labelled ""U1- U16, U20- U35"" (ranges U1..U16 and U20..U35; expanded to one line per chip, all 32 chips share these signatures)"
75	5-33	DMEM	U34	14	-		"shared block printed as ""U1- U16, U20- U35"" (one pin list for all 32 chips U1-U16 and U20-U35); expanded per chip; printed as one shared block labelled ""U1- U16, U20- U35"" (ranges U1..U16 and U20..U35; expanded to one line per chip, all 32 chips share these signatures)"
75	5-33	DMEM	U34	15	-		"shared block printed as ""U1- U16, U20- U35"" (one pin list for all 32 chips U1-U16 and U20-U35); expanded per chip; printed as one shared block labelled ""U1- U16, U20- U35"" (ranges U1..U16 and U20..U35; expanded to one line per chip, all 32 chips share these signatures)"
75	5-33	DMEM	U34	16	0000		"shared block printed as ""U1- U16, U20- U35"" (one pin list for all 32 chips U1-U16 and U20-U35); expanded per chip; printed as one shared block labelled ""U1- U16, U20- U35"" (ranges U1..U16 and U20..U35; expanded to one line per chip, all 32 chips share these signatures)"
75	5-33	DMEM	U35	1	-		"shared block printed as ""U1- U16, U20- U35"" (one pin list for all 32 chips U1-U16 and U20-U35); expanded per chip; printed as one shared block labelled ""U1- U16, U20- U35"" (ranges U1..U16 and U20..U35; expanded to one line per chip, all 32 chips share these signatures)"
75	5-33	DMEM	U35	2	-		"shared block printed as ""U1- U16, U20- U35"" (one pin list for all 32 chips U1-U16 and U20-U35); expanded per chip; printed as one shared block labelled ""U1- U16, U20- U35"" (ranges U1..U16 and U20..U35; expanded to one line per chip, all 32 chips share these signatures)"
75	5-33	DMEM	U35	3	-		"shared block printed as ""U1- U16, U20- U35"" (one pin list for all 32 chips U1-U16 and U20-U35); expanded per chip; printed as one shared block labelled ""U1- U16, U20- U35"" (ranges U1..U16 and U20..U35; expanded to one line per chip, all 32 chips share these signatures)"
75	5-33	DMEM	U35	4	-		"shared block printed as ""U1- U16, U20- U35"" (one pin list for all 32 chips U1-U16 and U20-U35); expanded per chip; printed as one shared block labelled ""U1- U16, U20- U35"" (ranges U1..U16 and U20..U35; expanded to one line per chip, all 32 chips share these signatures)"
75	5-33	DMEM	U35	5	UH56		"shared block printed as ""U1- U16, U20- U35"" (one pin list for all 32 chips U1-U16 and U20-U35); expanded per chip; printed as one shared block labelled ""U1- U16, U20- U35"" (ranges U1..U16 and U20..U35; expanded to one line per chip, all 32 chips share these signatures)"
75	5-33	DMEM	U35	6	P279		"shared block printed as ""U1- U16, U20- U35"" (one pin list for all 32 chips U1-U16 and U20-U35); expanded per chip; printed as one shared block labelled ""U1- U16, U20- U35"" (ranges U1..U16 and U20..U35; expanded to one line per chip, all 32 chips share these signatures)"
75	5-33	DMEM	U35	7	861U		"shared block printed as ""U1- U16, U20- U35"" (one pin list for all 32 chips U1-U16 and U20-U35); expanded per chip; printed as one shared block labelled ""U1- U16, U20- U35"" (ranges U1..U16 and U20..U35; expanded to one line per chip, all 32 chips share these signatures)"
75	5-33	DMEM	U35	8	-		"shared block printed as ""U1- U16, U20- U35"" (one pin list for all 32 chips U1-U16 and U20-U35); expanded per chip; printed as one shared block labelled ""U1- U16, U20- U35"" (ranges U1..U16 and U20..U35; expanded to one line per chip, all 32 chips share these signatures)"
75	5-33	DMEM	U35	9	-		"shared block printed as ""U1- U16, U20- U35"" (one pin list for all 32 chips U1-U16 and U20-U35); expanded per chip; printed as one shared block labelled ""U1- U16, U20- U35"" (ranges U1..U16 and U20..U35; expanded to one line per chip, all 32 chips share these signatures)"
75	5-33	DMEM	U35	10	44U7		"shared block printed as ""U1- U16, U20- U35"" (one pin list for all 32 chips U1-U16 and U20-U35); expanded per chip; printed as one shared block labelled ""U1- U16, U20- U35"" (ranges U1..U16 and U20..U35; expanded to one line per chip, all 32 chips share these signatures)"
75	5-33	DMEM	U35	11	FU8U		"shared block printed as ""U1- U16, U20- U35"" (one pin list for all 32 chips U1-U16 and U20-U35); expanded per chip; printed as one shared block labelled ""U1- U16, U20- U35"" (ranges U1..U16 and U20..U35; expanded to one line per chip, all 32 chips share these signatures)"
75	5-33	DMEM	U35	12	A6F7		"shared block printed as ""U1- U16, U20- U35"" (one pin list for all 32 chips U1-U16 and U20-U35); expanded per chip; printed as one shared block labelled ""U1- U16, U20- U35"" (ranges U1..U16 and U20..U35; expanded to one line per chip, all 32 chips share these signatures)"
75	5-33	DMEM	U35	13	0AU1		"shared block printed as ""U1- U16, U20- U35"" (one pin list for all 32 chips U1-U16 and U20-U35); expanded per chip; printed as one shared block labelled ""U1- U16, U20- U35"" (ranges U1..U16 and U20..U35; expanded to one line per chip, all 32 chips share these signatures)"
75	5-33	DMEM	U35	14	-		"shared block printed as ""U1- U16, U20- U35"" (one pin list for all 32 chips U1-U16 and U20-U35); expanded per chip; printed as one shared block labelled ""U1- U16, U20- U35"" (ranges U1..U16 and U20..U35; expanded to one line per chip, all 32 chips share these signatures)"
75	5-33	DMEM	U35	15	-		"shared block printed as ""U1- U16, U20- U35"" (one pin list for all 32 chips U1-U16 and U20-U35); expanded per chip; printed as one shared block labelled ""U1- U16, U20- U35"" (ranges U1..U16 and U20..U35; expanded to one line per chip, all 32 chips share these signatures)"
75	5-33	DMEM	U35	16	0000		"shared block printed as ""U1- U16, U20- U35"" (one pin list for all 32 chips U1-U16 and U20-U35); expanded per chip; printed as one shared block labelled ""U1- U16, U20- U35"" (ranges U1..U16 and U20..U35; expanded to one line per chip, all 32 chips share these signatures)"
75	5-33	DMEM	U17	1	-		
75	5-33	DMEM	U17	2	0AU1		
75	5-33	DMEM	U17	3	A6F7		
75	5-33	DMEM	U17	4	UH56		
75	5-33	DMEM	U17	5	FU8U		
75	5-33	DMEM	U17	6	P279		
75	5-33	DMEM	U17	7	44U7		
75	5-33	DMEM	U17	8	861U		
75	5-33	DMEM	U17	9	861U		
75	5-33	DMEM	U17	10	44U7		
75	5-33	DMEM	U17	11	P279		
75	5-33	DMEM	U17	12	FU8U		
75	5-33	DMEM	U17	13	UH56		
75	5-33	DMEM	U17	14	A6F7		
75	5-33	DMEM	U17	15	0AU1		
75	5-33	DMEM	U17	16	-		
75	5-33	DMEM	U18	1	0000		
75	5-33	DMEM	U18	2	FU8U		
75	5-33	DMEM	U18	3	1F7P		
75	5-33	DMEM	U18	4	FU8U		
75	5-33	DMEM	U18	5	44U7		
75	5-33	DMEM	U18	6	6633		
75	5-33	DMEM	U18	7	44U7		
75	5-33	DMEM	U18	8	0000		
75	5-33	DMEM	U18	9	0AU1		
75	5-33	DMEM	U18	10	74P1		
75	5-33	DMEM	U18	11	-		
75	5-33	DMEM	U18	12	-		
75	5-33	DMEM	U18	13	9237		
75	5-33	DMEM	U18	14	8HU0		
75	5-33	DMEM	U18	15	0000		
75	5-33	DMEM	U18	16	826P		
75	5-33	DMEM	U36	1	0000		
75	5-33	DMEM	U36	2	UH56		
75	5-33	DMEM	U36	3	UF4C		
75	5-33	DMEM	U36	4	UH56		
75	5-33	DMEM	U36	5	861U		
75	5-33	DMEM	U36	6	5439		
75	5-33	DMEM	U36	7	861U		
75	5-33	DMEM	U36	8	0000		
75	5-33	DMEM	U36	9	P279		
75	5-33	DMEM	U36	10	440H		
75	5-33	DMEM	U36	11	P279		
75	5-33	DMEM	U36	12	A6F7		
75	5-33	DMEM	U36	13	6266		
75	5-33	DMEM	U36	14	A6F7		
75	5-33	DMEM	U36	15	0000		
75	5-33	DMEM	U36	16	826P		
75	5-33	DMEM	U48	1	826P		"pin1 (chip label) last glyph of ""U48"" is distorted (open-topped 8 shape); read U48"
75	5-33	DMEM	U48	2	826P		
75	5-33	DMEM	U48	3	-		
75	5-33	DMEM	U48	4	0000		
75	5-33	DMEM	U48	5	-		
75	5-33	DMEM	U48	6	0000		
75	5-33	DMEM	U48	7	-		
75	5-33	DMEM	U48	8	0000		
75	5-33	DMEM	U48	9	-		
75	5-33	DMEM	U48	10	0000		
75	5-33	DMEM	U48	11	0000		
75	5-33	DMEM	U48	12	-		
75	5-33	DMEM	U48	13	0000		
75	5-33	DMEM	U48	14	-		
75	5-33	DMEM	U48	15	0000		
75	5-33	DMEM	U48	16	-		
75	5-33	DMEM	U48	17	0000		
75	5-33	DMEM	U48	18	-		
75	5-33	DMEM	U48	19	826P		
75	5-33	DMEM	U48	20	826P		
75	5-33	DMEM	U49	1	5439		
75	5-33	DMEM	U49	2	0000		
75	5-33	DMEM	U49	3	2A1F		
75	5-33	DMEM	U49	4	UF4C		
75	5-33	DMEM	U49	5	7P25		
75	5-33	DMEM	U49	6	0000		
75	5-33	DMEM	U49	7	826P		
75	5-33	DMEM	U49	8	0000		
75	5-33	DMEM	U49	9	9241		
75	5-33	DMEM	U49	10	6266		
75	5-33	DMEM	U49	11	0000		
75	5-33	DMEM	U49	12	C133		
75	5-33	DMEM	U49	13	440H		
75	5-33	DMEM	U49	14	A206		
75	5-33	DMEM	U49	15	0000		
75	5-33	DMEM	U49	16	826P		
75	5-33	DMEM	U50	1	6633		
75	5-33	DMEM	U50	2	0000		
75	5-33	DMEM	U50	3	3319		
75	5-33	DMEM	U50	4	1F7P		
75	5-33	DMEM	U50	5	8P3U		
75	5-33	DMEM	U50	6	0000		
75	5-33	DMEM	U50	7	9241		
75	5-33	DMEM	U50	8	0000		
75	5-33	DMEM	U50	9	A077		
75	5-33	DMEM	U50	10	9237		
75	5-33	DMEM	U50	11	0000		
75	5-33	DMEM	U50	12	C25F		
75	5-33	DMEM	U50	13	74P1		
75	5-33	DMEM	U50	14	7C47		
75	5-33	DMEM	U50	15	826P		
75	5-33	DMEM	U50	16	826P		
75	5-33	DMEM	U51	1	-		
75	5-33	DMEM	U51	2	0000		
75	5-33	DMEM	U51	3	7P25		
75	5-33	DMEM	U51	4	2A1F		
75	5-33	DMEM	U51	5	A206		
75	5-33	DMEM	U51	6	C133		
75	5-33	DMEM	U51	7	0000		
75	5-33	DMEM	U51	8	C25F		
75	5-33	DMEM	U51	9	7C47		
75	5-33	DMEM	U51	10	3319		
75	5-33	DMEM	U51	11	8P3U		
75	5-33	DMEM	U51	12	0000		
75	5-33	DMEM	U51	13	C133		
75	5-33	DMEM	U51	14	826P		
76	5-34	DMEM	U62	1	826P		"chip label has a stray speck between U and 6 (reads ""U,62""); it is U62; pin1 (chip label) printed ""U,62"" with a stray speck between U and 6; read U62"
76	5-34	DMEM	U62	2	0000		
76	5-34	DMEM	U62	3	-		
76	5-34	DMEM	U62	4	0000		
76	5-34	DMEM	U62	5	-		
76	5-34	DMEM	U62	6	0000		
76	5-34	DMEM	U62	7	-		
76	5-34	DMEM	U62	8	0000		
76	5-34	DMEM	U62	9	-		
76	5-34	DMEM	U62	10	0000		
76	5-34	DMEM	U62	11	0000		
76	5-34	DMEM	U62	12	-		
76	5-34	DMEM	U62	13	0000		
76	5-34	DMEM	U62	14	-		
76	5-34	DMEM	U62	15	0000		
76	5-34	DMEM	U62	16	-		
76	5-34	DMEM	U62	17	826P		
76	5-34	DMEM	U62	18	-		
76	5-34	DMEM	U62	19	826P		
76	5-34	DMEM	U62	20	826P		
76	5-34	DMEM	U63	1	861U		
76	5-34	DMEM	U63	2	0000		
76	5-34	DMEM	U63	3	19H6		
76	5-34	DMEM	U63	4	UH56		
76	5-34	DMEM	U63	5	5H21		
76	5-34	DMEM	U63	6	0000		
76	5-34	DMEM	U63	7	A077		
76	5-34	DMEM	U63	8	0000		
76	5-34	DMEM	U63	9	10F0		
76	5-34	DMEM	U63	10	A6F7		
76	5-34	DMEM	U63	11	0000		
76	5-34	DMEM	U63	12	U81P		
76	5-34	DMEM	U63	13	P279		
76	5-34	DMEM	U63	14	HP66		
76	5-34	DMEM	U63	15	0000		
76	5-34	DMEM	U63	16	826P		
76	5-34	DMEM	U64	1	44U7		
76	5-34	DMEM	U64	2	0000		
76	5-34	DMEM	U64	3	19H6		
76	5-34	DMEM	U64	4	FU8U		
76	5-34	DMEM	U64	5	5H21		
76	5-34	DMEM	U64	6	826P		
76	5-34	DMEM	U64	7	10F0		
76	5-34	DMEM	U64	8	0000		
76	5-34	DMEM	U64	9	FPHA		
76	5-34	DMEM	U64	10	8HU0		
76	5-34	DMEM	U64	11	0000		
76	5-34	DMEM	U64	12	U81P		
76	5-34	DMEM	U64	13	0AU1		
76	5-34	DMEM	U64	14	HP66		
76	5-34	DMEM	U64	15	0000		
76	5-34	DMEM	U64	16	826P		
76	5-34	DMEM	U65	1	C25F		
76	5-34	DMEM	U65	2	0000		
76	5-34	DMEM	U65	3	5H21		
76	5-34	DMEM	U65	4	0000		
76	5-34	DMEM	U65	5	HP66		
76	5-34	DMEM	U65	6	U81P		
76	5-34	DMEM	U65	7	0000		
76	5-34	DMEM	U65	8	U81P		
76	5-34	DMEM	U65	9	HP66		
76	5-34	DMEM	U65	10	19H6		
76	5-34	DMEM	U65	11	5H21		
76	5-34	DMEM	U65	12	0000		
76	5-34	DMEM	U65	13	C25F		
76	5-34	DMEM	U65	14	826P		
